{
  "drfp_random": {
    "fit_time": {
      "__ndarray__": true,
      "dtype": "float64",
      "shape": [
        25
      ],
      "data": [
        283.5985312461853,
        293.8840169906616,
        310.13986325263977,
        284.4940595626831,
        273.6946623325348,
        260.7761380672455,
        267.4846291542053,
        320.51743936538696,
        293.79215955734253,
        335.75680780410767,
        333.02163672447205,
        305.29945373535156,
        312.3580996990204,
        317.21870827674866,
        323.5070059299469,
        316.88667607307434,
        316.47079968452454,
        311.9062180519104,
        301.537211894989,
        276.96055006980896,
        310.80122804641724,
        320.0660893917084,
        301.93482971191406,
        281.7703859806061,
        321.06089544296265
      ]
    },
    "score_time": {
      "__ndarray__": true,
      "dtype": "float64",
      "shape": [
        25
      ],
      "data": [
        0.11933207511901855,
        0.1616649627685547,
        0.15961885452270508,
        0.118499755859375,
        0.11862897872924805,
        0.11931252479553223,
        0.1500105857849121,
        0.17025041580200195,
        0.12896203994750977,
        0.16051006317138672,
        0.1520226001739502,
        0.1287217140197754,
        0.1706693172454834,
        0.1487729549407959,
        0.18052172660827637,
        0.14038324356079102,
        0.12969017028808594,
        0.13991999626159668,
        0.11827945709228516,
        0.12999844551086426,
        0.12983345985412598,
        0.15002965927124023,
        0.14037728309631348,
        0.149322509765625,
        0.1601858139038086
      ]
    },
    "test_r2": {
      "__ndarray__": true,
      "dtype": "float64",
      "shape": [
        25
      ],
      "data": [
        0.31650485775647463,
        0.2663175547890333,
        0.30603447389917404,
        0.2960007199626956,
        0.30647826990730886,
        0.31422192065482435,
        0.2670739233051642,
        0.30361050374032006,
        0.296399658977337,
        0.2996109861347772,
        0.2930859199754914,
        0.2890455996563577,
        0.30030082910273814,
        0.30499703256429256,
        0.2921686103697292,
        0.29085080441219746,
        0.3081305972583587,
        0.30901152384548736,
        0.28055661384612396,
        0.27943460200081394,
        0.3012774816571602,
        0.28732178784414986,
        0.3018325927433657,
        0.28519198459781836,
        0.29387881407090144
      ]
    },
    "test_mae": {
      "__ndarray__": true,
      "dtype": "float64",
      "shape": [
        25
      ],
      "data": [
        -19.585013328685022,
        -20.228801972925233,
        -19.53226343867946,
        -19.879967806283958,
        -19.71485738800794,
        -19.612018608027924,
        -20.071543963942684,
        -19.576379739095053,
        -20.057209126061007,
        -19.83091135246612,
        -19.883098713403236,
        -19.980506292306725,
        -19.68674180251439,
        -20.098721744750375,
        -19.601867861132764,
        -19.694078160610488,
        -19.81617704046612,
        -19.623088060346948,
        -20.12371134182939,
        -20.00058182819564,
        -20.02522341594292,
        -20.318767558528517,
        -19.288679010466076,
        -19.556116008404608,
        -20.15873629768096
      ]
    },
    "test_mse": {
      "__ndarray__": true,
      "dtype": "float64",
      "shape": [
        25
      ],
      "data": [
        -629.8233225688313,
        -692.0651289457944,
        -627.0363627428796,
        -639.509012081115,
        -648.810172386922,
        -643.96529048006,
        -672.9539994616035,
        -622.9450444111062,
        -658.2485283639149,
        -647.409627102436,
        -647.601413459746,
        -666.3056442894267,
        -623.9548504572376,
        -667.5611887156709,
        -642.3543865354658,
        -660.7802478898438,
        -647.9316209720135,
        -629.4264070888056,
        -672.7749565019321,
        -646.1348107378653,
        -651.7425029969847,
        -696.1259667466293,
        -612.0602668119355,
        -629.649751225098,
        -668.1722185205311
      ]
    }
  },
  "rxnfp_random": {
    "fit_time": {
      "__ndarray__": true,
      "dtype": "float64",
      "shape": [
        25
      ],
      "data": [
        175.49558329582214,
        186.81371593475342,
        191.50100326538086,
        165.96105647087097,
        163.72920680046082,
        170.31011986732483,
        167.9414999485016,
        165.72433996200562,
        177.5690622329712,
        171.86535358428955,
        172.899658203125,
        166.29766416549683,
        184.74450397491455,
        173.9347152709961,
        170.06147074699402,
        169.20007061958313,
        188.97884392738342,
        172.95466661453247,
        167.6709771156311,
        176.46163415908813,
        186.68940949440002,
        166.41939187049866,
        165.87818717956543,
        164.84728980064392,
        170.56858682632446
      ]
    },
    "score_time": {
      "__ndarray__": true,
      "dtype": "float64",
      "shape": [
        25
      ],
      "data": [
        0.04465532302856445,
        0.06785202026367188,
        0.05490469932556152,
        0.044020891189575195,
        0.04409074783325195,
        0.04419970512390137,
        0.043982744216918945,
        0.04487800598144531,
        0.0557553768157959,
        0.05683493614196777,
        0.06761980056762695,
        0.04417824745178223,
        0.04444169998168945,
        0.044194936752319336,
        0.04420733451843262,
        0.04453015327453613,
        0.044435739517211914,
        0.05438709259033203,
        0.054424285888671875,
        0.0653378963470459,
        0.04427790641784668,
        0.0446009635925293,
        0.04436945915222168,
        0.04428696632385254,
        0.044206857681274414
      ]
    },
    "test_r2": {
      "__ndarray__": true,
      "dtype": "float64",
      "shape": [
        25
      ],
      "data": [
        0.3543738970790209,
        0.35939443922744363,
        0.3603129281474431,
        0.32933460713571183,
        0.35226360464011364,
        0.3491189385952469,
        0.33880644254867576,
        0.3558828443628027,
        0.3513100934265758,
        0.3527834641703729,
        0.343820202263565,
        0.34533294962966155,
        0.3676951890580341,
        0.35045337565690904,
        0.3470567132827145,
        0.34677845303762045,
        0.34455113892040146,
        0.3637953049646393,
        0.35649494743314825,
        0.33119396000958856,
        0.35819292693603255,
        0.3535740893490842,
        0.334279462689991,
        0.3409566764998688,
        0.3623972030293109
      ]
    },
    "test_mae": {
      "__ndarray__": true,
      "dtype": "float64",
      "shape": [
        25
      ],
      "data": [
        -19.19781211952982,
        -19.22006715499893,
        -19.04463201183545,
        -19.473818129415008,
        -19.57372934966117,
        -19.43598359707565,
        -19.454278897526528,
        -19.250084147974274,
        -19.333655557834817,
        -19.218004737685096,
        -19.29274338999723,
        -19.510489178796888,
        -18.981775744922086,
        -19.5327929498091,
        -19.201045998744313,
        -19.29583462399286,
        -19.46857387151756,
        -19.000391467910557,
        -19.417261305542965,
        -19.488289452370452,
        -19.350220179151453,
        -19.900082477502366,
        -19.084748574943784,
        -19.004426513952442,
        -19.335565582426483
      ]
    },
    "test_mse": {
      "__ndarray__": true,
      "dtype": "float64",
      "shape": [
        25
      ],