{
  "drfp_random": {
    "fit_time": {
      "__ndarray__": true,
      "dtype": "float64",
      "shape": [
        25
      ],
      "data": [
        322.6933660507202,
        327.172039270401,
        328.38672256469727,
        307.01290488243103,
        308.1839861869812,
        356.3194525241852,
        335.56762647628784,
        314.94598388671875,
        387.55747961997986,
        353.04938220977783,
        313.3814949989319,
        294.117324590683,
        299.26025891304016,
        290.39165210723877,
        302.2044153213501,
        286.1790997982025,
        291.8935499191284,
        283.1615858078003,
        279.39177227020264,
        284.6618809700012,
        308.4800672531128,
        309.453795671463,
        317.3821310997009,
        307.5781795978546,
        321.6757855415344
      ]
    },
    "score_time": {
      "__ndarray__": true,
      "dtype": "float64",
      "shape": [
        25
      ],
      "data": [
        0.15956473350524902,
        0.17007803916931152,
        0.12923860549926758,
        0.14014077186584473,
        0.14176297187805176,
        0.13121461868286133,
        0.12957048416137695,
        0.16947722434997559,
        0.1810593605041504,
        0.1288449764251709,
        0.11849641799926758,
        0.11805915832519531,
        0.11780571937561035,
        0.12895488739013672,
        0.12863826751708984,
        0.12973809242248535,
        0.12884116172790527,
        0.12894630432128906,
        0.1190335750579834,
        0.11796379089355469,
        0.12861061096191406,
        0.1315615177154541,
        0.15966510772705078,
        0.19090962409973145,
        0.11902666091918945
      ]
    },
    "test_r2": {
      "__ndarray__": true,
      "dtype": "float64",
      "shape": [
        25
      ],
      "data": [
        0.23310194626264014,
        0.22714450344296488,
        0.23722064906303864,
        0.2109963279821887,
        0.2364913923922507,
        0.23185630109774147,
        0.2118165622352295,
        0.2334605639570404,
        0.22681161052084686,
        0.23986938241296962,
        0.23329850528257423,
        0.22481189624070708,
        0.2471812561850112,
        0.22859034310754822,
        0.22380742341751148,
        0.22078018338269678,
        0.23581400924211282,
        0.21755282710816037,
        0.23878828870619107,
        0.2242123510177233,
        0.21302524610955587,
        0.23636550239401533,
        0.25566968565485804,
        0.21676972961221985,
        0.24800655926839854
      ]
    },
    "test_mae": {
      "__ndarray__": true,
      "dtype": "float64",
      "shape": [
        25
      ],
      "data": [
        -14.605631513030438,
        -14.563655749301892,
        -14.219779506824025,
        -15.193331759027284,
        -14.537956330013769,
        -14.802547594077144,
        -14.6776125886309,
        -14.63693717718069,
        -14.854733396790918,
        -14.246681656028263,
        -14.55361078241467,
        -14.855621229690787,
        -14.496626064065614,
        -14.501730159200983,
        -14.53031250930635,
        -14.928431294036324,
        -14.11619245837027,
        -14.805794652367673,
        -14.58380051168948,
        -14.839618505685502,
        -14.961853960252492,
        -14.635082932597614,
        -14.03143422325376,
        -14.61896383920939,
        -14.631763794063522
      ]
    },
    "test_mse": {
      "__ndarray__": true,
      "dtype": "float64",
      "shape": [
        25
      ],
      "data": [
        -377.55493413934784,
        -374.65157238390253,
        -353.10390320640926,
        -404.3557853532805,
        -377.4683659906658,
        -385.5119432660174,
        -387.7620582908015,
        -372.79892915274047,
        -383.30278813852107,
        -358.18218981465617,
        -371.06638460657524,
        -392.5540006633926,
        -361.3564306432424,
        -375.4937557617555,
        -380.58823820978813,
        -395.5658495619215,
        -351.16341575250885,
        -390.85013134458507,
        -369.4673643031148,
        -382.52602661267366,
        -393.7926633002218,
        -377.0304889829849,
        -353.4390204916957,
        -375.90795632983094,
        -374.58483887710014
      ]
    }
  },
  "rxnfp_random": {
    "fit_time": {
      "__ndarray__": true,
      "dtype": "float64",
      "shape": [
        25
      ],
      "data": [
        187.83216977119446,
        193.18687844276428,
        184.5878562927246,
        190.40956497192383,
        184.05531764030457,
        193.00661993026733,
        191.94057750701904,
        190.4960126876831,
        210.37196826934814,
        194.29689168930054,
        188.45904326438904,
        195.82617354393005,
        203.14813542366028,
        184.88459277153015,
        185.1230113506317,
        186.80926370620728,
        202.41604852676392,
        188.20611357688904,
        188.25866293907166,
        207.37124180793762,
        192.2983570098877,
        184.01817107200623,
        186.87484645843506,
        186.9883828163147,
        185.30762577056885
      ]
    },
    "score_time": {
      "__ndarray__": true,
      "dtype": "float64",
      "shape": [
        25
      ],
      "data": [
        0.0777127742767334,
        0.05427432060241699,
        0.044408321380615234,
        0.054731130599975586,
        0.04434609413146973,
        0.044425010681152344,
        0.04409193992614746,
        0.054648399353027344,
        0.05628085136413574,
        0.044286251068115234,
        0.056711673736572266,
        0.054678916931152344,
        0.04458498954772949,
        0.04441523551940918,
        0.06715559959411621,
        0.06523633003234863,
        0.054596662521362305,
        0.05461883544921875,
        0.054920196533203125,
        0.05573248863220215,
        0.05449509620666504,
        0.054902076721191406,
        0.044164419174194336,
        0.05824708938598633,
        0.054451704025268555
      ]
    },
    "test_r2": {
      "__ndarray__": true,
      "dtype": "float64",
      "shape": [
        25
      ],
      "data": [
        0.1907689696970195,
        0.18750139299893553,
        0.19400509017103507,
        0.18298106182904506,
        0.18865831432875557,
        0.18645237942959014,
        0.17178139775440693,
        0.20806982893868564,
        0.19771524358824366,
        0.1802286003174154,
        0.1918246613927561,
        0.19091871367101243,
        0.20389024974082104,
        0.1793798982974989,
        0.1950484564582472,
        0.19450926751193987,
        0.20062980568654143,
        0.18149421703926183,
        0.1891780045658713,
        0.16818435216295624,
        0.18451006675708814,
        0.19933600975523746,
        0.18591297037555699,
        0.18898761258199337,
        0.19125374828615804
      ]
    },
    "test_mae": {
      "__ndarray__": true,
      "dtype": "float64",
      "shape": [
        25
      ],
      "data": [
        -15.389168755253978,
        -15.255608770784852,
        -14.930575364508016,
        -15.768028017612979,
        -15.398422283579988,
        -15.388669510081781,
        -15.512872925581515,
        -15.115674204592255,
        -15.272369870778249,
        -15.23271865635549,
        -15.270448442121735,
        -15.46223257573327,
        -15.237227687618326,
        -15.31950305511001,
        -15.21535685893922,
        -15.431534903517042,
        -14.690178657319798,
        -15.556342814886818,
        -15.338294111364315,
        -15.731495719957469,
        -15.619162420646028,
        -15.259909385970355,
        -14.950055002865824,
        -15.348689768223458,
        -15.405732828784894
      ]
    },
    "test_mse": {
      "__ndarray__": true,
      "dtype": "float64",
      "shape": [
        25
      ],