{
  "drfp_random": {
    "fit_time": {
      "__ndarray__": true,
      "dtype": "float64",
      "shape": [
        25
      ],
      "data": [
        41.948370695114136,
        41.94751238822937,
        42.767918825149536,
        45.80774545669556,
        50.6099271774292,
        53.61572265625,
        54.57201600074768,
        52.757052183151245,
        53.79068875312805,
        52.1689076423645,
        52.92572331428528,
        53.76400327682495,
        52.2973952293396,
        53.053369760513306,
        49.81348991394043,
        53.757370471954346,
        52.57164812088013,
        54.29503846168518,
        51.819411516189575,
        49.74279427528381,
        49.87146830558777,
        49.98356604576111,
        52.0796115398407,
        53.4629168510437,
        50.26072072982788
      ]
    },
    "score_time": {
      "__ndarray__": true,
      "dtype": "float64",
      "shape": [
        25
      ],
      "data": [
        0.03446650505065918,
        0.03514456748962402,
        0.03477597236633301,
        0.0350034236907959,
        0.045172691345214844,
        0.04535102844238281,
        0.04628491401672363,
        0.0450897216796875,
        0.03555703163146973,
        0.03531050682067871,
        0.03528332710266113,
        0.03493094444274902,
        0.0457453727722168,
        0.03879237174987793,
        0.03480029106140137,
        0.05932474136352539,
        0.035134315490722656,
        0.03564643859863281,
        0.03682255744934082,
        0.03653120994567871,
        0.04646921157836914,
        0.0349733829498291,
        0.03709149360656738,
        0.03539156913757324,
        0.035028934478759766
      ]
    },
    "test_r2": {
      "__ndarray__": true,
      "dtype": "float64",
      "shape": [
        25
      ],
      "data": [
        0.5207231427959773,
        0.4910050832226004,
        0.5397472825616634,
        0.5076656983086024,
        0.5146983001420218,
        0.5348418806762585,
        0.531737927801107,
        0.4920805212670776,
        0.5208964111025096,
        0.4845774232094212,
        0.5247336967506238,
        0.5259048876364549,
        0.49077816693550225,
        0.5456610908366137,
        0.4773206852211592,
        0.514521733736849,
        0.5166136547024041,
        0.509837977809733,
        0.4974363296448754,
        0.5238311356524799,
        0.4931052548975887,
        0.5073546679593609,
        0.5234824030731593,
        0.5360341243474478,
        0.520406803870618
      ]
    },
    "test_mae": {
      "__ndarray__": true,
      "dtype": "float64",
      "shape": [
        25
      ],
      "data": [
        -11.447896030764191,
        -12.203790423715477,
        -11.902166626761025,
        -11.622739073095067,
        -11.801189678634877,
        -11.779046438560478,
        -11.613536180184443,
        -11.898192841619185,
        -12.187517234199138,
        -11.610004090654744,
        -11.48278557934959,
        -11.763183017820836,
        -11.88168962955073,
        -11.218303619708095,
        -12.597452122513893,
        -11.767118144638367,
        -12.083388966013805,
        -11.656400914566822,
        -12.026027077043041,
        -11.470843463656006,
        -11.995762019855784,
        -12.047579020357542,
        -11.757432493261025,
        -11.56298810244937,
        -11.370680182484206
      ]
    },
    "test_mse": {
      "__ndarray__": true,
      "dtype": "float64",
      "shape": [
        25
      ],
      "data": [
        -218.06058680329934,
        -250.82092081790083,
        -226.13925067543616,
        -215.29156431674454,
        -225.95002594955113,
        -232.0299172263117,
        -217.23733987424998,
        -231.53438502814797,
        -239.26351693930675,
        -216.76133234969254,
        -215.6444631967959,
        -225.13361559613892,
        -227.84502992169803,
        -212.0967999216478,
        -261.6318050995531,
        -223.5491681699012,
        -231.97234723871364,
        -225.18851031890077,
        -243.3023911558036,
        -218.74234723263933,
        -240.65375949637854,
        -233.8387844580897,
        -228.1669723486127,
        -220.23158074920667,
        -211.19898983584991
      ]
    }
  },
  "rxnfp_random": {
    "fit_time": {
      "__ndarray__": true,
      "dtype": "float64",
      "shape": [
        25
      ],
      "data": [
        42.55130982398987,
        43.55342888832092,
        42.376410722732544,
        43.14657759666443,
        42.9010283946991,
        42.50704765319824,
        42.616111516952515,
        43.196667432785034,
        43.25756216049194,
        41.297642946243286,
        42.36657786369324,
        40.54854607582092,
        39.711326122283936,
        39.081711530685425,
        39.208285331726074,
        40.09175181388855,
        45.68081021308899,
        41.69609522819519,
        39.74506068229675,
        41.24990224838257,
        40.68042969703674,
        40.05377411842346,
        39.6491641998291,
        43.45586633682251,
        40.4297399520874
      ]
    },
    "score_time": {
      "__ndarray__": true,
      "dtype": "float64",
      "shape": [
        25
      ],
      "data": [
        0.034128427505493164,
        0.034705400466918945,
        0.03401803970336914,
        0.03418898582458496,
        0.034532785415649414,
        0.034554481506347656,
        0.03381514549255371,
        0.03446340560913086,
        0.033765316009521484,
        0.034160614013671875,
        0.03409433364868164,
        0.023245573043823242,
        0.03392481803894043,
        0.03372979164123535,
        0.0341036319732666,
        0.0366206169128418,
        0.03387880325317383,
        0.03396797180175781,
        0.03345227241516113,
        0.034230947494506836,
        0.024011611938476562,
        0.03371691703796387,
        0.034378767013549805,
        0.02326679229736328,
        0.03424692153930664
      ]
    },
    "test_r2": {
      "__ndarray__": true,
      "dtype": "float64",
      "shape": [
        25
      ],
      "data": [
        0.4803013063681224,
        0.5188336360194147,
        0.46858786932294705,
        0.5000161710649844,
        0.49279489880178085,
        0.4858617334122589,
        0.484702834795378,
        0.4766316367345671,
        0.5148458658978983,
        0.49640150950955453,
        0.48228299076521364,
        0.5111638241048644,
        0.5057429917946457,
        0.49268199504693433,
        0.4760704719217488,
        0.5005457681718037,
        0.47353097229291785,
        0.49720122815063095,
        0.5144017897899122,
        0.5066032038001841,
        0.5160087534408109,
        0.48946122983328355,
        0.5083406946815756,
        0.5114558224737494,
        0.48235792435497005
      ]
    },
    "test_mae": {
      "__ndarray__": true,
      "dtype": "float64",
      "shape": [
        25
      ],
      "data": [
        -12.058106732075025,
        -12.038995440881855,
        -12.358541528279321,
        -11.657027403882747,
        -12.196233722982983,
        -12.377534833021098,
        -12.209270756093247,
        -12.26396248178532,
        -12.068863442293008,
        -11.615098160024175,
        -11.885168220398382,
        -12.162033930261513,
        -11.885865785938643,
        -11.862161493272023,
        -12.819686515908893,
        -12.082886726973301,
        -12.864701155836832,
        -11.669499000980721,
        -11.873315037219998,
        -11.786287511325028,
        -11.929881750241218,
        -12.352762675402623,
        -12.027680166857442,
        -12.013472410981853,
        -11.962778569882396
      ]
    },
    "test_mse": {
      "__ndarray__": true,
      "dtype": "float64",
      "shape": [
        25
      ],