{
  "drfp_random": {
    "fit_time": {
      "__ndarray__": true,
      "dtype": "float64",
      "shape": [
        25
      ],
      "data": [
        52.37736177444458,
        50.599098443984985,
        52.52652883529663,
        53.61197018623352,
        51.924498081207275,
        50.41159129142761,
        53.06705832481384,
        51.3143744468689,
        50.49760913848877,
        61.330567836761475,
        54.046786308288574,
        57.02427411079407,
        55.93495202064514,
        50.76824355125427,
        54.1704318523407,
        51.565102338790894,
        53.00048303604126,
        50.72548866271973,
        53.56216812133789,
        53.53400659561157,
        51.53228449821472,
        52.0963134765625,
        53.351240396499634,
        51.42740869522095,
        51.45241165161133
      ]
    },
    "score_time": {
      "__ndarray__": true,
      "dtype": "float64",
      "shape": [
        25
      ],
      "data": [
        0.03437542915344238,
        0.0348966121673584,
        0.038979530334472656,
        0.0346677303314209,
        0.03549027442932129,
        0.03573036193847656,
        0.03443312644958496,
        0.05155372619628906,
        0.034448862075805664,
        0.034876346588134766,
        0.03824424743652344,
        0.04491114616394043,
        0.04816913604736328,
        0.03494405746459961,
        0.03470015525817871,
        0.03466010093688965,
        0.034963369369506836,
        0.0242612361907959,
        0.03478050231933594,
        0.03504776954650879,
        0.0348505973815918,
        0.02429962158203125,
        0.03519701957702637,
        0.03475689888000488,
        0.03487396240234375
      ]
    },
    "test_r2": {
      "__ndarray__": true,
      "dtype": "float64",
      "shape": [
        25
      ],
      "data": [
        0.3785518584793489,
        0.36636779452141943,
        0.44472039799522967,
        0.38157752878123086,
        0.37270679031588283,
        0.399955878531846,
        0.4275993125836607,
        0.36848884861015574,
        0.41811780929599307,
        0.37280077565889747,
        0.3918278722499319,
        0.3806656960595268,
        0.40837974920159936,
        0.4474801216816088,
        0.3593162792241086,
        0.36999827706926236,
        0.43499715264679073,
        0.37242419361208856,
        0.4252761614062093,
        0.3495469466504414,
        0.36848275373009387,
        0.4047703831539292,
        0.43681747604005516,
        0.37371120270519076,
        0.3828935285757782
      ]
    },
    "test_mae": {
      "__ndarray__": true,
      "dtype": "float64",
      "shape": [
        25
      ],
      "data": [
        -6.13096693842875,
        -6.036428149259635,
        -5.931819028755583,
        -5.547869216586337,
        -5.785540286717737,
        -5.816030537081811,
        -5.713121015727543,
        -5.864498400713379,
        -6.05696498121385,
        -5.645145050619395,
        -5.9950936693746515,
        -6.01869782879724,
        -5.695695670112461,
        -5.5741274609682865,
        -5.991704749887949,
        -6.035459453525315,
        -5.76946425213795,
        -5.881101834630865,
        -5.822610831612522,
        -5.7732472103326735,
        -5.991990101216451,
        -5.7948897970076025,
        -5.7873017218305,
        -5.945755061682552,
        -5.731553225617603
      ]
    },
    "test_mse": {
      "__ndarray__": true,
      "dtype": "float64",
      "shape": [
        25
      ],
      "data": [
        -62.05857268529903,
        -64.00016102832764,
        -56.70846789100029,
        -51.5454424287763,
        -56.19163960415624,
        -61.596123549004474,
        -52.818661239815526,
        -56.231120430785275,
        -63.903365336219515,
        -51.47568394280632,
        -61.25692227667421,
        -62.51050992791212,
        -52.588679305799346,
        -51.766856127019494,
        -58.99650148876901,
        -61.9769121430411,
        -53.473776553656165,
        -59.66860835931932,
        -56.88372844592924,
        -58.05404325895064,
        -61.9995789064533,
        -55.58273537552683,
        -56.3323053770398,
        -60.118091828785104,
        -54.65023955172299
      ]
    }
  },
  "rxnfp_random": {
    "fit_time": {
      "__ndarray__": true,
      "dtype": "float64",
      "shape": [
        25
      ],
      "data": [
        43.3471953868866,
        42.77531909942627,
        42.632922410964966,
        47.426764726638794,
        42.8103666305542,
        43.2575569152832,
        44.67919993400574,
        44.620238065719604,
        42.68948554992676,
        43.70551514625549,
        44.08857536315918,
        45.224848985672,
        44.863375663757324,
        45.87666630744934,
        43.035751819610596,
        42.95115280151367,
        43.52890133857727,
        46.68784189224243,
        43.19461631774902,
        43.71380615234375,
        42.93042063713074,
        44.28407049179077,
        42.34703183174133,
        43.21044087409973,
        45.169862031936646
      ]
    },
    "score_time": {
      "__ndarray__": true,
      "dtype": "float64",
      "shape": [
        25
      ],
      "data": [
        0.03402876853942871,
        0.0340418815612793,
        0.0352177619934082,
        0.0338134765625,
        0.03643155097961426,
        0.03377652168273926,
        0.03360891342163086,
        0.034226179122924805,
        0.03637433052062988,
        0.03423500061035156,
        0.033802032470703125,
        0.03461146354675293,
        0.10616683959960938,
        0.055886268615722656,
        0.046515464782714844,
        0.03664684295654297,
        0.03412771224975586,
        0.03448319435119629,
        0.03718256950378418,
        0.023281335830688477,
        0.03409457206726074,
        0.047013282775878906,
        0.023244857788085938,
        0.023473024368286133,
        0.0340120792388916
      ]
    },
    "test_r2": {
      "__ndarray__": true,
      "dtype": "float64",
      "shape": [
        25
      ],
      "data": [
        0.3061242245580883,
        0.3507564467908447,
        0.3466559508162348,
        0.30109863123795455,
        0.32555321581107655,
        0.317297216278005,
        0.31358182717702476,
        0.3539061402607484,
        0.3414822376389325,
        0.34991237847516343,
        0.3269156473595577,
        0.3367619565376463,
        0.3314378330251454,
        0.3417812610753084,
        0.30860186281078794,
        0.34821487703863996,
        0.33081222615199335,
        0.3119035571294666,
        0.34660210815113257,
        0.31566117738136,
        0.3325711771209894,
        0.34722356299279644,
        0.3461990481430087,
        0.34750008010634614,
        0.32588648215046634
      ]
    },
    "test_mae": {
      "__ndarray__": true,
      "dtype": "float64",
      "shape": [
        25
      ],
      "data": [
        -6.47796725759787,
        -6.003471984889252,
        -6.232857608438324,
        -5.9256445054859235,
        -5.930531815634805,
        -6.228746170779617,
        -6.1694675352591,
        -5.989360899732403,
        -6.382150737585301,
        -5.792352635280827,
        -6.205670667561965,
        -6.2692119424733646,
        -5.967263823853068,
        -6.024889616095612,
        -6.288118017766618,
        -6.239303877722624,
        -6.125931894620635,
        -6.191425623055743,
        -6.086003855678386,
        -5.972808096229745,
        -6.070799733857731,
        -6.05923106466654,
        -6.069202804552428,
        -6.18015076699004,
        -6.003184061480564
      ]
    },
    "test_mse": {
      "__ndarray__": true,
      "dtype": "float64",
      "shape": [
        25
      ],