{
  "drfp_random": {
    "fit_time": {
      "__ndarray__": true,
      "dtype": "float64",
      "shape": [
        25
      ],
      "data": [
        4.221015453338623,
        4.171163320541382,
        4.107557773590088,
        4.100263595581055,
        4.1072351932525635,
        3.9436354637145996,
        3.7892308235168457,
        4.0112059116363525,
        3.6829707622528076,
        3.7507636547088623,
        3.7074718475341797,
        3.820211172103882,
        3.795222520828247,
        3.8673460483551025,
        3.870884418487549,
        3.726989269256592,
        3.7706902027130127,
        3.929086685180664,
        3.8514604568481445,
        3.9881703853607178,
        3.7889554500579834,
        3.8092803955078125,
        3.846907377243042,
        3.811877965927124,
        3.867490291595459
      ]
    },
    "score_time": {
      "__ndarray__": true,
      "dtype": "float64",
      "shape": [
        25
      ],
      "data": [
        0.03447365760803223,
        0.03727078437805176,
        0.03417491912841797,
        0.03848433494567871,
        0.03515124320983887,
        0.0343928337097168,
        0.033247947692871094,
        0.06985592842102051,
        0.03379249572753906,
        0.034044504165649414,
        0.03441143035888672,
        0.040009498596191406,
        0.03348970413208008,
        0.03619718551635742,
        0.03373908996582031,
        0.03372645378112793,
        0.03358626365661621,
        0.034323692321777344,
        0.03364849090576172,
        0.033872127532958984,
        0.023601770401000977,
        0.03688502311706543,
        0.03355097770690918,
        0.034067630767822266,
        0.033956289291381836
      ]
    },
    "test_r2": {
      "__ndarray__": true,
      "dtype": "float64",
      "shape": [
        25
      ],
      "data": [
        0.8423714005975558,
        0.8470567861526831,
        0.8347848093104038,
        0.8284473702850866,
        0.847498077143098,
        0.842872715944384,
        0.8413884526286439,
        0.8453065674648095,
        0.8372529970907275,
        0.8354200938773879,
        0.8347189473553139,
        0.8157160104820014,
        0.8259634859106532,
        0.8616673462205942,
        0.878608697146551,
        0.8539382745407215,
        0.7830810399771289,
        0.8670388885945137,
        0.8590432874137043,
        0.8577322778138268,
        0.8369119890405011,
        0.7700321588131488,
        0.8653355059849197,
        0.8447070922269602,
        0.8689845340182446
      ]
    },
    "test_mae": {
      "__ndarray__": true,
      "dtype": "float64",
      "shape": [
        25
      ],
      "data": [
        -3.31055965404726,
        -3.1765693403301194,
        -3.370513839170471,
        -3.2560086364836742,
        -3.147837064564358,
        -3.258510938688464,
        -3.225629175795097,
        -3.1755269566724795,
        -3.00202162119844,
        -3.409897697440157,
        -3.279797356551491,
        -3.5571854112644004,
        -3.4767859660146208,
        -2.831280576168621,
        -3.0312692285615936,
        -3.1500084531477968,
        -3.754729175160747,
        -3.3486092413661876,
        -3.014543397797625,
        -2.8974027183021573,
        -3.4023394411235315,
        -3.424164135823528,
        -3.1267950057075926,
        -3.242422706250096,
        -3.2998285491555697
      ]
    },
    "test_mse": {
      "__ndarray__": true,
      "dtype": "float64",
      "shape": [
        25
      ],
      "data": [
        -20.807801491977415,
        -16.520072827051386,
        -21.766809479949316,
        -22.05801688328,
        -19.618761110478058,
        -20.750584041175504,
        -20.147690827357028,
        -18.83927284667858,
        -18.432789703292677,
        -22.84626662573076,
        -19.650008704650897,
        -27.295949956317465,
        -20.53008954199817,
        -15.881305428603676,
        -16.328446688699227,
        -18.668140319213464,
        -26.237360639869806,
        -18.878014050506277,
        -17.75759926758178,
        -16.559382299500758,
        -22.730035717304915,
        -26.194051452291678,
        -16.16256745468761,
        -19.281387582781658,
        -17.733168714862856
      ]
    }
  },
  "rxnfp_random": {
    "fit_time": {
      "__ndarray__": true,
      "dtype": "float64",
      "shape": [
        25
      ],
      "data": [
        6.416166067123413,
        6.26047945022583,
        6.870286703109741,
        6.739413499832153,
        6.295888185501099,
        6.541829347610474,
        6.474286317825317,
        6.373737335205078,
        6.333317756652832,
        6.7540600299835205,
        6.727156400680542,
        6.616620302200317,
        6.417222023010254,
        6.47247576713562,
        6.946574687957764,
        6.5560760498046875,
        6.5414252281188965,
        6.4983131885528564,
        6.374563932418823,
        6.654109716415405,
        6.52383017539978,
        6.703136682510376,
        6.1846630573272705,
        6.333499908447266,
        6.386157274246216
      ]
    },
    "score_time": {
      "__ndarray__": true,
      "dtype": "float64",
      "shape": [
        25
      ],
      "data": [
        0.03415346145629883,
        0.023017406463623047,
        0.03401064872741699,
        0.023386240005493164,
        0.0231473445892334,
        0.03388190269470215,
        0.03402447700500488,
        0.022964000701904297,
        0.03401064872741699,
        0.0334782600402832,
        0.034903526306152344,
        0.0346224308013916,
        0.03345322608947754,
        0.03366708755493164,
        0.033885955810546875,
        0.03812360763549805,
        0.03620624542236328,
        0.033632755279541016,
        0.036921024322509766,
        0.033417701721191406,
        0.023091793060302734,
        0.03705620765686035,
        0.03381705284118652,
        0.03653526306152344,
        0.03390073776245117
      ]
    },
    "test_r2": {
      "__ndarray__": true,
      "dtype": "float64",
      "shape": [
        25
      ],
      "data": [
        0.32283318860339094,
        0.23154471413418876,
        0.3226487338295091,
        0.2599550479992161,
        0.25154274945775335,
        0.30722784756068144,
        0.2777414837527944,
        0.254757752449305,
        0.340362517162087,
        0.25308696019179133,
        0.2213776439510715,
        0.3772684678983861,
        0.2754692873076241,
        0.19889445584073928,
        0.2943435633858956,
        0.38050192491499035,
        0.0377609021528994,
        0.34709926048801487,
        0.34895871340509643,
        0.28340798008653856,
        0.2726620111798179,
        0.24143542088198156,
        0.195518604864105,
        0.2828745643351013,
        0.3398753026600684
      ]
    },
    "test_mae": {
      "__ndarray__": true,
      "dtype": "float64",
      "shape": [
        25
      ],
      "data": [
        -7.222920957195404,
        -7.174284766621227,
        -7.358879503345871,
        -7.581135578407117,
        -7.273622653304399,
        -7.080364717509115,
        -7.507435140706541,
        -7.340004121565165,
        -6.743140345077592,
        -7.978106588163105,
        -7.462254849916981,
        -7.356281669923822,
        -7.328625514938887,
        -7.244121119291622,
        -7.536990492588916,
        -7.001087737964951,
        -8.37003163425308,
        -7.414725193017091,
        -6.924388759030121,
        -7.013564103802225,
        -7.767568093748853,
        -7.248046542638252,
        -7.909737985656904,
        -7.149155389436769,
        -7.441291726519925
      ]
    },
    "test_mse": {
      "__ndarray__": true,
      "dtype": "float64",
      "shape": [
        25
      ],