{
  "drfp_random": {
    "fit_time": {
      "__ndarray__": true,
      "dtype": "float64",
      "shape": [
        25
      ],
      "data": [
        13.982223510742188,
        13.334336280822754,
        13.855255603790283,
        14.239896297454834,
        17.431475162506104,
        13.755206823348999,
        13.73418641090393,
        14.086802005767822,
        13.839195966720581,
        13.882649421691895,
        13.643700361251831,
        14.099311590194702,
        13.834252119064331,
        13.73362946510315,
        14.066692352294922,
        14.143088817596436,
        13.728150844573975,
        13.873889446258545,
        13.819798469543457,
        13.827401876449585,
        13.842035055160522,
        13.920013427734375,
        13.85547399520874,
        13.938353061676025,
        13.46003532409668
      ]
    },
    "score_time": {
      "__ndarray__": true,
      "dtype": "float64",
      "shape": [
        25
      ],
      "data": [
        0.0350186824798584,
        0.023935317993164062,
        0.036731719970703125,
        0.03473377227783203,
        0.034081459045410156,
        0.02396368980407715,
        0.0344698429107666,
        0.02422618865966797,
        0.03478574752807617,
        0.04823422431945801,
        0.03791189193725586,
        0.03465628623962402,
        0.034151554107666016,
        0.03428077697753906,
        0.03438591957092285,
        0.03501462936401367,
        0.03718829154968262,
        0.0346522331237793,
        0.0241544246673584,
        0.024115324020385742,
        0.034668922424316406,
        0.03398776054382324,
        0.0344240665435791,
        0.03427004814147949,
        0.03497791290283203
      ]
    },
    "test_r2": {
      "__ndarray__": true,
      "dtype": "float64",
      "shape": [
        25
      ],
      "data": [
        0.8428696255129295,
        0.7942094046679617,
        0.8357561242146687,
        0.840874427973566,
        0.8237821254270982,
        0.8262355042974384,
        0.8423065115338868,
        0.8329797784718694,
        0.8139359448523773,
        0.819097045796355,
        0.8390430890627503,
        0.8126883132640357,
        0.8380786961947715,
        0.8226107016581128,
        0.8310981172016794,
        0.8250222467544992,
        0.8291033683267393,
        0.8383950673016685,
        0.8145646864887484,
        0.8111398194961988,
        0.8380659733934323,
        0.8323729689428884,
        0.8186202043961832,
        0.8218872629503597,
        0.8055984278368655
      ]
    },
    "test_mae": {
      "__ndarray__": true,
      "dtype": "float64",
      "shape": [
        25
      ],
      "data": [
        -4.07919627394992,
        -4.387964846205648,
        -3.926876131557389,
        -4.126128991467439,
        -4.110386345363489,
        -4.098894439002034,
        -4.0125551529650885,
        -4.034667292642918,
        -4.216345467350296,
        -4.267434235795198,
        -4.023749797134398,
        -4.3981060128324465,
        -4.051557804581624,
        -4.1707106794628,
        -4.015138797577498,
        -4.14400633131283,
        -4.141790817582921,
        -4.030017200023422,
        -4.328183294293363,
        -4.32143109199302,
        -4.121883703324874,
        -4.053000199188561,
        -4.235987732044664,
        -4.190625337066773,
        -4.2667132472937155
      ]
    },
    "test_mse": {
      "__ndarray__": true,
      "dtype": "float64",
      "shape": [
        25
      ],
      "data": [
        -29.12811752914182,
        -33.771895297248314,
        -28.025659457339717,
        -29.98211732006928,
        -30.625886181448788,
        -30.205912017209815,
        -28.816684482031313,
        -29.28137754383898,
        -32.12690868774802,
        -32.24383778076241,
        -27.84161085060782,
        -34.403941264215796,
        -29.086233295776925,
        -31.283520910447034,
        -28.42364393158447,
        -29.7261460983926,
        -30.306179358311045,
        -28.184433235852936,
        -32.641508554474704,
        -34.78505698605276,
        -28.68234383334578,
        -30.165196802069755,
        -31.340449059110654,
        -31.813393426470604,
        -33.786103789315206
      ]
    }
  },
  "rxnfp_random": {
    "fit_time": {
      "__ndarray__": true,
      "dtype": "float64",
      "shape": [
        25
      ],
      "data": [
        16.317610502243042,
        16.627336502075195,
        16.13936996459961,
        18.4745831489563,
        16.537340879440308,
        16.844809770584106,
        16.549174547195435,
        16.671324491500854,
        16.05363702774048,
        17.309256076812744,
        16.609061002731323,
        16.59500002861023,
        16.19441294670105,
        16.400322198867798,
        17.240705966949463,
        19.349018335342407,
        16.36544394493103,
        16.31694793701172,
        16.473663330078125,
        16.467414140701294,
        16.52934241294861,
        16.971141576766968,
        16.33882713317871,
        16.760526657104492,
        16.4793062210083
      ]
    },
    "score_time": {
      "__ndarray__": true,
      "dtype": "float64",
      "shape": [
        25
      ],
      "data": [
        0.03393864631652832,
        0.03348135948181152,
        0.03394937515258789,
        0.023154735565185547,
        0.03429555892944336,
        0.03366446495056152,
        0.03390932083129883,
        0.033319950103759766,
        0.03444719314575195,
        0.03455662727355957,
        0.033785343170166016,
        0.023222923278808594,
        0.046712636947631836,
        0.09029984474182129,
        0.023352622985839844,
        0.02695488929748535,
        0.03407931327819824,
        0.03366446495056152,
        0.023376941680908203,
        0.03430533409118652,
        0.022991180419921875,
        0.03889036178588867,
        0.03731584548950195,
        0.03442955017089844,
        0.04717087745666504
      ]
    },
    "test_r2": {
      "__ndarray__": true,
      "dtype": "float64",
      "shape": [
        25
      ],
      "data": [
        0.5540258834406222,
        0.5052660820817566,
        0.5165484542957939,
        0.5456029643759536,
        0.5565443728846866,
        0.5618375774604978,
        0.5504470213514203,
        0.5329237765056798,
        0.5261710675866131,
        0.5381777579085845,
        0.5224814560089523,
        0.5448556453056033,
        0.5557223876341604,
        0.506720147352824,
        0.5227888084587018,
        0.5375607075888333,
        0.5545911559750358,
        0.5118688269417446,
        0.5199869929248709,
        0.5644332598073407,
        0.5258843430153284,
        0.5354379217193659,
        0.5519634270770134,
        0.5684310085666328,
        0.5385364032876846
      ]
    },
    "test_mae": {
      "__ndarray__": true,
      "dtype": "float64",
      "shape": [
        25
      ],
      "data": [
        -7.188277663642512,
        -7.042283208662769,
        -7.063102553062249,
        -7.342303674235474,
        -7.073176461569167,
        -6.86852352666993,
        -7.211640321473272,
        -7.111015772182652,
        -7.097397242401362,
        -7.190620278271287,
        -7.089476205577256,
        -7.079530451837501,
        -7.190425598480943,
        -7.354601852101585,
        -7.095371839634517,
        -7.067365374966522,
        -6.959698842669845,
        -7.273475702136835,
        -7.246857542033325,
        -7.038081779093201,
        -7.266039673776651,
        -7.206210097539988,
        -6.9647096778393385,
        -6.829831946236439,
        -7.0461041229944055
      ]
    },
    "test_mse": {
      "__ndarray__": true,
      "dtype": "float64",
      "shape": [
        25
      ],