{
  "drfp_random": {
    "fit_time": {
      "__ndarray__": true,
      "dtype": "float64",
      "shape": [
        25
      ],
      "data": [
        3.0234310626983643,
        2.903996229171753,
        2.930262327194214,
        2.8726248741149902,
        2.779982089996338,
        2.9012067317962646,
        3.0223023891448975,
        2.908135414123535,
        2.8933818340301514,
        2.809220314025879,
        2.871208429336548,
        2.94732928276062,
        2.8415565490722656,
        2.9117584228515625,
        2.902714490890503,
        2.8577637672424316,
        3.002309799194336,
        2.829775333404541,
        2.9340906143188477,
        2.953798294067383,
        2.819753646850586,
        2.8199543952941895,
        3.0202994346618652,
        2.8498573303222656,
        2.8371591567993164
      ]
    },
    "score_time": {
      "__ndarray__": true,
      "dtype": "float64",
      "shape": [
        25
      ],
      "data": [
        0.11711835861206055,
        0.034764766693115234,
        0.03414416313171387,
        0.0829164981842041,
        0.03403449058532715,
        0.03364157676696777,
        0.061437368392944336,
        0.03713536262512207,
        0.033858537673950195,
        0.03801584243774414,
        0.048816680908203125,
        0.033780574798583984,
        0.03335309028625488,
        0.03404998779296875,
        0.0339813232421875,
        0.03473305702209473,
        0.03387618064880371,
        0.0408785343170166,
        0.0341188907623291,
        0.034400224685668945,
        0.03492116928100586,
        0.03442502021789551,
        0.03404855728149414,
        0.023019075393676758,
        0.02336287498474121
      ]
    },
    "test_r2": {
      "__ndarray__": true,
      "dtype": "float64",
      "shape": [
        25
      ],
      "data": [
        0.5094285638369069,
        0.6108130949112032,
        0.6569325525971494,
        0.6016573373691843,
        0.5842352525732202,
        0.6643203376877973,
        0.5659248959403254,
        0.5143274292737379,
        0.61281713963322,
        0.5163897683010094,
        0.612688958403814,
        0.6370901684752692,
        0.6272114351850665,
        0.5571158253179223,
        0.6061338790286663,
        0.6475354195300194,
        0.6040692246183825,
        0.5181498655065597,
        0.5404308194089069,
        0.6518643154848913,
        0.665409577339644,
        0.505123833461435,
        0.6465004231402851,
        0.5495149219590969,
        0.6406403925222492
      ]
    },
    "test_mae": {
      "__ndarray__": true,
      "dtype": "float64",
      "shape": [
        25
      ],
      "data": [
        -1.1760011260735972,
        -1.0736717931056161,
        -0.9977911595700062,
        -1.0440516424673256,
        -0.9753757109540464,
        -0.9737980183273819,
        -1.1212905064910466,
        -1.150643676848804,
        -1.0230159137313442,
        -1.1122439156655142,
        -1.0595905478437175,
        -1.0414079597712815,
        -0.9385230194880433,
        -1.1003965559258235,
        -1.0258528884786924,
        -0.9898984228389103,
        -1.0550552348640787,
        -1.1355505506996533,
        -1.1868092456125063,
        -0.9663053218499161,
        -0.9861695558908223,
        -1.1026949928945127,
        -1.0221211886033326,
        -1.0649458873901385,
        -1.027353845706288
      ]
    },
    "test_mse": {
      "__ndarray__": true,
      "dtype": "float64",
      "shape": [
        25
      ],
      "data": [
        -2.3727617322375907,
        -1.9793547528136763,
        -1.7107774763052292,
        -1.7971890572831304,
        -1.9605597165739237,
        -1.6855925977773016,
        -2.2683784861814433,
        -2.4800783136841713,
        -1.7870242772698315,
        -2.1319784032706743,
        -1.9835767271921554,
        -1.7920620489311925,
        -1.6051797146116036,
        -2.3678613977930683,
        -1.7651950083004353,
        -1.7521119538502932,
        -1.8968236843856066,
        -2.4171708657219404,
        -2.2254033852003205,
        -1.6120302962473771,
        -1.6523237657138816,
        -2.390418111840655,
        -1.8189564495416863,
        -2.0932613078529623,
        -1.7141213031972187
      ]
    }
  },
  "rxnfp_random": {
    "fit_time": {
      "__ndarray__": true,
      "dtype": "float64",
      "shape": [
        25
      ],
      "data": [
        4.371789455413818,
        4.198047637939453,
        4.552312135696411,
        4.167341947555542,
        4.159939527511597,
        4.15312123298645,
        4.451995849609375,
        4.039974689483643,
        4.145581007003784,
        4.217364311218262,
        4.088415145874023,
        4.17201566696167,
        4.099446535110474,
        4.422340393066406,
        4.514043092727661,
        4.404247045516968,
        4.186929225921631,
        4.0924272537231445,
        4.239355802536011,
        4.168503284454346,
        4.192931175231934,
        4.149156332015991,
        4.557915449142456,
        4.360962152481079,
        4.23062801361084
      ]
    },
    "score_time": {
      "__ndarray__": true,
      "dtype": "float64",
      "shape": [
        25
      ],
      "data": [
        0.03350329399108887,
        0.02342057228088379,
        0.023053884506225586,
        0.023914337158203125,
        0.03389787673950195,
        0.03413748741149902,
        0.03308463096618652,
        0.022867679595947266,
        0.03371906280517578,
        0.033447980880737305,
        0.036038875579833984,
        0.03471708297729492,
        0.02356886863708496,
        0.048011064529418945,
        0.03337240219116211,
        0.0334475040435791,
        0.034011125564575195,
        0.033663272857666016,
        0.022891759872436523,
        0.03778076171875,
        0.033612728118896484,
        0.03397798538208008,
        0.023235082626342773,
        0.03394794464111328,
        0.023929834365844727
      ]
    },
    "test_r2": {
      "__ndarray__": true,
      "dtype": "float64",
      "shape": [
        25
      ],
      "data": [
        0.5142383159520885,
        0.5724182568739822,
        0.524689993565283,
        0.6131317484227901,
        0.4991911706400719,
        0.6058448354499985,
        0.5902058222682747,
        0.4690053061130943,
        0.5247502433291859,
        0.5036362668901619,
        0.5957460498587132,
        0.5924261802811337,
        0.5405957154078613,
        0.527618166556167,
        0.6072041796711631,
        0.4472575233886673,
        0.5762654509545908,
        0.45963294054777015,
        0.5511340755490814,
        0.694064650902684,
        0.6929213608914131,
        0.447389030928256,
        0.5891389843448764,
        0.6028078787476202,
        0.5910317083615599
      ]
    },
    "test_mae": {
      "__ndarray__": true,
      "dtype": "float64",
      "shape": [
        25
      ],
      "data": [
        -1.143344361274148,
        -1.1145788487013892,
        -1.1293157532208118,
        -1.0043318480801575,
        -1.0116979063265368,
        -1.1115181556869453,
        -1.0883858449109631,
        -1.104251688618184,
        -1.0631733894485162,
        -1.1370198671945222,
        -1.0755162409756065,
        -1.1261500533462778,
        -1.014225599714377,
        -1.0957580891952248,
        -1.0336705862528572,
        -1.1826965769966802,
        -1.1346301023021375,
        -1.0710087144667149,
        -1.117868112824563,
        -0.9539011697904074,
        -0.978185408938408,
        -1.0806597882252034,
        -1.1071434477238888,
        -1.0541990361327915,
        -0.9927321250666754
      ]
    },
    "test_mse": {
      "__ndarray__": true,
      "dtype": "float64",
      "shape": [
        25
      ],