{
  "drfp_random": {
    "fit_time": {
      "__ndarray__": true,
      "dtype": "float64",
      "shape": [
        25
      ],
      "data": [
        148.1332402229309,
        153.425790309906,
        150.32619285583496,
        163.02760457992554,
        178.22716879844666,
        175.5241403579712,
        181.26006889343262,
        174.40590119361877,
        174.89088034629822,
        163.15197205543518,
        157.4422688484192,
        158.35898971557617,
        148.7820451259613,
        157.9498872756958,
        150.62791919708252,
        156.507874250412,
        155.59567284584045,
        150.91592574119568,
        156.5336558818817,
        160.14729022979736,
        152.00555229187012,
        157.49991703033447,
        153.62475275993347,
        160.2967414855957,
        145.84737014770508
      ]
    },
    "score_time": {
      "__ndarray__": true,
      "dtype": "float64",
      "shape": [
        25
      ],
      "data": [
        0.1025691032409668,
        0.10224676132202148,
        0.0921480655670166,
        0.13392949104309082,
        0.11650419235229492,
        0.10267281532287598,
        0.11353588104248047,
        0.10213851928710938,
        0.10231518745422363,
        0.10442924499511719,
        0.10514688491821289,
        0.10225343704223633,
        0.10553836822509766,
        0.10514116287231445,
        0.09178614616394043,
        0.1230156421661377,
        0.1019287109375,
        0.09351205825805664,
        0.09256529808044434,
        0.11210012435913086,
        0.10254216194152832,
        0.10236072540283203,
        0.0913994312286377,
        0.1016995906829834,
        0.09186911582946777
      ]
    },
    "test_r2": {
      "__ndarray__": true,
      "dtype": "float64",
      "shape": [
        25
      ],
      "data": [
        0.07875790342968081,
        0.07478866954686791,
        0.06609784099167804,
        0.061056724732057144,
        0.07186509018226783,
        0.06279785282392436,
        0.07688174780737456,
        0.07899376862238638,
        0.062085228961814454,
        0.07342991023580736,
        0.06824312036901636,
        0.0683272321078715,
        0.07250213231802594,
        0.07481405327877999,
        0.07198735924587363,
        0.07688062519495731,
        0.06732872038071092,
        0.07017044127695471,
        0.07194903211699843,
        0.06734237897133766,
        0.08030124058834742,
        0.075508168359665,
        0.06792222458398611,
        0.06437079867248585,
        0.06839372870118487
      ]
    },
    "test_mae": {
      "__ndarray__": true,
      "dtype": "float64",
      "shape": [
        25
      ],
      "data": [
        -0.09732463192458964,
        -0.09793064378730199,
        -0.09644155997062841,
        -0.09747223072804007,
        -0.09885960403212216,
        -0.0960641598457721,
        -0.09707407853265876,
        -0.09833514868606225,
        -0.09789274824074232,
        -0.09844263380995975,
        -0.09759402492904978,
        -0.09686340767916121,
        -0.09845558655698558,
        -0.09693636401291737,
        -0.09775342333411076,
        -0.09911606141042277,
        -0.097958967242518,
        -0.09581559780898465,
        -0.09874354718468129,
        -0.09610172750444847,
        -0.0986756389104569,
        -0.09711707338982477,
        -0.09638935333221117,
        -0.09778435543940638,
        -0.09783656181900545
      ]
    },
    "test_mse": {
      "__ndarray__": true,
      "dtype": "float64",
      "shape": [
        25
      ],
      "data": [
        -0.01916246688733419,
        -0.019506239849839624,
        -0.018708826868838693,
        -0.018939105730699075,
        -0.019397024711754862,
        -0.018355445172735407,
        -0.018880202393828417,
        -0.019822809631178346,
        -0.019094626775428666,
        -0.019523318687685524,
        -0.019276795222423534,
        -0.018734631552839134,
        -0.01965549034893982,
        -0.019007966851677986,
        -0.018977690150147712,
        -0.019927841684156233,
        -0.019390765760162538,
        -0.018520985175704573,
        -0.01950680500102585,
        -0.018335352031170055,
        -0.019579149578341875,
        -0.01881012444720318,
        -0.018468673805374175,
        -0.019190162545483457,
        -0.01958661611507269
      ]
    }
  },
  "rxnfp_random": {
    "fit_time": {
      "__ndarray__": true,
      "dtype": "float64",
      "shape": [
        25
      ],
      "data": [
        21.26341676712036,
        21.804140090942383,
        22.971083402633667,
        22.142669200897217,
        21.061877012252808,
        21.391128063201904,
        22.698789596557617,
        21.030957460403442,
        21.50775170326233,
        22.480409145355225,
        21.215068578720093,
        21.820216417312622,
        21.158953189849854,
        22.163529872894287,
        22.44238781929016,
        22.210902452468872,
        21.140101432800293,
        21.35244083404541,
        21.04985737800598,
        21.304471969604492,
        22.24371862411499,
        21.33270573616028,
        21.867289781570435,
        22.740219116210938,
        20.806045293807983
      ]
    },
    "score_time": {
      "__ndarray__": true,
      "dtype": "float64",
      "shape": [
        25
      ],
      "data": [
        0.03463912010192871,
        0.06922221183776855,
        0.03455543518066406,
        0.03760576248168945,
        0.03571152687072754,
        0.03484225273132324,
        0.03487539291381836,
        0.035096168518066406,
        0.03560066223144531,
        0.03533005714416504,
        0.03501009941101074,
        0.0353701114654541,
        0.05141615867614746,
        0.048639774322509766,
        0.034742116928100586,
        0.035109758377075195,
        0.03482341766357422,
        0.03495502471923828,
        0.03482341766357422,
        0.07939004898071289,
        0.03514695167541504,
        0.0796971321105957,
        0.034820556640625,
        0.035378217697143555,
        0.03523707389831543
      ]
    },
    "test_r2": {
      "__ndarray__": true,
      "dtype": "float64",
      "shape": [
        25
      ],
      "data": [
        0.06274202856165612,
        0.058198478605910875,
        0.05621652522147502,
        0.04918591763619751,
        0.060908639946713694,
        0.052778717184885804,
        0.06188794807433928,
        0.06169275405726948,
        0.0528203394932697,
        0.06109763533333035,
        0.052394886728814316,
        0.05291407044716567,
        0.06223024947297584,
        0.06546115901722882,
        0.05485541905637081,
        0.06115272712588882,
        0.05517352676286258,
        0.05707965397500203,
        0.056859043984092916,
        0.05672203142377974,
        0.06685625424339037,
        0.060255458559062225,
        0.0591275897662612,
        0.04931454560062576,
        0.055008806002125765
      ]
    },
    "test_mae": {
      "__ndarray__": true,
      "dtype": "float64",
      "shape": [
        25
      ],
      "data": [
        -0.0985420766285595,
        -0.09905031504927635,
        -0.09727202574394198,
        -0.09814574833247698,
        -0.09979030686047291,
        -0.09704452872816494,
        -0.0978665200983393,
        -0.09957933934929505,
        -0.09847031721129881,
        -0.09952785297737038,
        -0.09865535583749611,
        -0.09786939056428062,
        -0.09916266683194966,
        -0.09758537878886543,
        -0.09909395559060047,
        -0.10024987486281832,
        -0.09868027434914214,
        -0.09684182134093315,
        -0.09969454819898814,
        -0.09703108111896186,
        -0.09971357785373658,
        -0.09805471735560059,
        -0.09688182169546548,
        -0.09889214318202959,
        -0.09890093042494535
      ]
    },
    "test_mse": {
      "__ndarray__": true,
      "dtype": "float64",
      "shape": [
        25
      ],