{
  "drfp_random": {
    "fit_time": {
      "__ndarray__": true,
      "dtype": "float64",
      "shape": [
        25
      ],
      "data": [
        997.88005900383,
        979.1267154216766,
        971.3584926128387,
        979.5667338371277,
        971.5452127456665,
        975.7993295192719,
        995.5595479011536,
        973.5777454376221,
        977.4851832389832,
        991.3602111339569,
        978.337254524231,
        984.5435321331024,
        996.9932713508606,
        980.2410356998444,
        998.071013212204,
        988.1099050045013,
        983.0928289890289,
        979.9924182891846,
        991.8343977928162,
        989.6031801700592,
        978.5029628276825,
        968.4566769599915,
        982.0791871547699,
        995.28502368927,
        982.3198277950287
      ]
    },
    "score_time": {
      "__ndarray__": true,
      "dtype": "float64",
      "shape": [
        25
      ],
      "data": [
        0.243607759475708,
        0.2642364501953125,
        0.2640056610107422,
        0.27446508407592773,
        0.2563910484313965,
        0.25386524200439453,
        0.24422764778137207,
        0.26456546783447266,
        0.24363088607788086,
        0.2748715877532959,
        0.25381898880004883,
        0.24416399002075195,
        0.24400091171264648,
        0.2646782398223877,
        0.24411439895629883,
        0.24422621726989746,
        0.24455690383911133,
        0.2738840579986572,
        0.2743978500366211,
        0.25426483154296875,
        0.24389171600341797,
        0.2768523693084717,
        0.254364013671875,
        0.25783491134643555,
        0.264068603515625
      ]
    },
    "test_r2": {
      "__ndarray__": true,
      "dtype": "float64",
      "shape": [
        25
      ],
      "data": [
        0.447895541000382,
        0.4782659343825807,
        0.4457442477996898,
        0.4510709417697043,
        0.46716088523286836,
        0.4656509731178332,
        0.44858904006407874,
        0.46113907484577465,
        0.4462461850385555,
        0.4515260762357781,
        0.44308673268377685,
        0.45491184331267254,
        0.46665353750155625,
        0.47565363497903235,
        0.44829669636716807,
        0.44248807323738193,
        0.44093016791236406,
        0.48384510668721614,
        0.46147990341473133,
        0.46074648349551917,
        0.45029199099597395,
        0.45377815522828335,
        0.4515945056401357,
        0.4520887276913058,
        0.46849663921444307
      ]
    },
    "test_mae": {
      "__ndarray__": true,
      "dtype": "float64",
      "shape": [
        25
      ],
      "data": [
        -1.1490558062742084,
        -1.0967980717643735,
        -1.1166021247960942,
        -1.1432951891555003,
        -1.1221642728292112,
        -1.1270536550266044,
        -1.1391150211715093,
        -1.117801553855164,
        -1.120600252806446,
        -1.1342814696751427,
        -1.1378655834878793,
        -1.1210144921431955,
        -1.124914822296165,
        -1.0888415797161057,
        -1.1538081172014316,
        -1.1388497217229578,
        -1.1584769090035822,
        -1.079849648336984,
        -1.1278874371755263,
        -1.1153516990140202,
        -1.1302425584123639,
        -1.1290937627786197,
        -1.134722150587633,
        -1.1291953124455953,
        -1.1081935528800686
      ]
    },
    "test_mse": {
      "__ndarray__": true,
      "dtype": "float64",
      "shape": [
        25
      ],
      "data": [
        -2.678319072403666,
        -2.47389349828108,
        -2.537937491395987,
        -2.658441975247442,
        -2.5429283558916174,
        -2.5592630817106845,
        -2.63464750712297,
        -2.556673819256279,
        -2.6151137283529087,
        -2.603513360205617,
        -2.61276718113506,
        -2.571832424537872,
        -2.5815937312878865,
        -2.444670315045022,
        -2.688737111682962,
        -2.6984152131241443,
        -2.746984744318526,
        -2.3609852118944588,
        -2.558799862315469,
        -2.5382248682827413,
        -2.6257580693626967,
        -2.5943055280420615,
        -2.6157733778167076,
        -2.5896928085248336,
        -2.531644276205189
      ]
    }
  },
  "rxnfp_random": {
    "fit_time": {
      "__ndarray__": true,
      "dtype": "float64",
      "shape": [
        25
      ],
      "data": [
        388.19087171554565,
        384.2892036437988,
        398.9244840145111,
        378.65467619895935,
        375.1235501766205,
        378.17755126953125,
        384.0332851409912,
        380.63597440719604,
        375.71134638786316,
        380.9671754837036,
        380.91074681282043,
        378.1033124923706,
        384.51289987564087,
        383.52759623527527,
        381.09465861320496,
        413.0675871372223,
        375.47790002822876,
        375.612295627594,
        378.2701506614685,
        382.2820711135864,
        421.2678008079529,
        383.8899211883545,
        404.6936721801758,
        382.83512592315674,
        382.8337707519531
      ]
    },
    "score_time": {
      "__ndarray__": true,
      "dtype": "float64",
      "shape": [
        25
      ],
      "data": [
        0.10575985908508301,
        0.10551834106445312,
        0.10851192474365234,
        0.1065673828125,
        0.10603094100952148,
        0.1055607795715332,
        0.10820794105529785,
        0.10515236854553223,
        0.10569214820861816,
        0.10610580444335938,
        0.10560870170593262,
        0.10567164421081543,
        0.1052846908569336,
        0.11595773696899414,
        0.1056814193725586,
        0.10526752471923828,
        0.10605454444885254,
        0.10538578033447266,
        0.10551762580871582,
        0.10545730590820312,
        0.10588622093200684,
        0.1057443618774414,
        0.10590672492980957,
        0.10556793212890625,
        0.1054387092590332
      ]
    },
    "test_r2": {
      "__ndarray__": true,
      "dtype": "float64",
      "shape": [
        25
      ],
      "data": [
        0.652993147767008,
        0.6569713304801297,
        0.6636876063383251,
        0.6618879027694279,
        0.6690744640694812,
        0.6511641208107899,
        0.6719247514326258,
        0.6655432772262405,
        0.6557012139219481,
        0.6636125478052619,
        0.6709456295295874,
        0.6528593792825808,
        0.6610749234026737,
        0.6681378119454524,
        0.6531576225725667,
        0.6609993874720732,
        0.6543729462111202,
        0.6746151460947929,
        0.6654576249386605,
        0.6504948185355348,
        0.656692276444677,
        0.6618077839304539,
        0.6523668458499434,
        0.6681152145389468,
        0.6657604634850961
      ]
    },
    "test_mae": {
      "__ndarray__": true,
      "dtype": "float64",
      "shape": [
        25
      ],
      "data": [
        -0.9302970538137153,
        -0.9073267169227278,
        -0.8871461115101763,
        -0.9158337738524622,
        -0.8986681188885138,
        -0.928366915208434,
        -0.8987527328491881,
        -0.899775439242929,
        -0.9039748741102407,
        -0.9055209006602616,
        -0.8877981393517211,
        -0.9219239599227372,
        -0.9118404337862139,
        -0.8915219523877922,
        -0.9269409966777391,
        -0.9107888308511323,
        -0.9255944808354822,
        -0.8856289676466544,
        -0.904290843380199,
        -0.9165730255553493,
        -0.9195761212587423,
        -0.9023868768737081,
        -0.9166980039141936,
        -0.8944433025996872,
        -0.9054163954318987
      ]
    },
    "test_mse": {
      "__ndarray__": true,
      "dtype": "float64",
      "shape": [
        25
      ],