{
  "drfp_random": {
    "fit_time": {
      "__ndarray__": true,
      "dtype": "float64",
      "shape": [
        25
      ],
      "data": [
        486.5272262096405,
        489.01891136169434,
        492.4357089996338,
        484.5487334728241,
        475.3958795070648,
        479.20178151130676,
        487.9009597301483,
        489.2238521575928,
        486.5200870037079,
        486.9023358821869,
        474.1685245037079,
        490.51750445365906,
        485.2815577983856,
        496.3299021720886,
        486.64236521720886,
        493.5853362083435,
        477.4292781352997,
        497.2545747756958,
        483.2758536338806,
        496.7856955528259,
        476.05328822135925,
        486.77813029289246,
        494.96364426612854,
        495.04036712646484,
        487.0344922542572
      ]
    },
    "score_time": {
      "__ndarray__": true,
      "dtype": "float64",
      "shape": [
        25
      ],
      "data": [
        0.17056822776794434,
        0.18118762969970703,
        0.19142937660217285,
        0.17225933074951172,
        0.18144893646240234,
        0.17068099975585938,
        0.17124652862548828,
        0.17110347747802734,
        0.18161439895629883,
        0.17127108573913574,
        0.1712195873260498,
        0.17107915878295898,
        0.1867067813873291,
        0.18144607543945312,
        0.18077993392944336,
        0.18110108375549316,
        0.1719968318939209,
        0.1807560920715332,
        0.17185139656066895,
        0.1814439296722412,
        0.17067646980285645,
        0.1715254783630371,
        0.18532681465148926,
        0.18149757385253906,
        0.1814870834350586
      ]
    },
    "test_r2": {
      "__ndarray__": true,
      "dtype": "float64",
      "shape": [
        25
      ],
      "data": [
        -0.464060667100622,
        -0.4392384822746316,
        -0.4988975274475096,
        -0.4483315486757944,
        -0.5149440244867862,
        -0.4794218556321592,
        -0.4937973252604042,
        -0.4819845783692682,
        -0.4873454243269131,
        -0.4444632250384595,
        -0.4810739717236905,
        -0.4406648990672395,
        -0.520440356743773,
        -0.46969878993175707,
        -0.473363761484642,
        -0.4863304483639066,
        -0.4680586355957652,
        -0.4859496041347444,
        -0.4862368583021013,
        -0.4785355195613865,
        -0.46403798996300893,
        -0.47969403937616595,
        -0.4922793050103631,
        -0.4800555469290042,
        -0.4626705220986227
      ]
    },
    "test_mae": {
      "__ndarray__": true,
      "dtype": "float64",
      "shape": [
        25
      ],
      "data": [
        -30.385405167580547,
        -30.072350335123037,
        -29.912230517696752,
        -30.152986724776493,
        -30.05405876935672,
        -30.427120104326157,
        -30.181551246738493,
        -29.647141590233453,
        -30.27693873223229,
        -30.20024450088674,
        -30.03292065429235,
        -30.031654390528754,
        -30.523884608205694,
        -30.311571628927116,
        -29.811910364920887,
        -30.15478854056814,
        -30.540825662569667,
        -30.164786097066035,
        -30.064607184797815,
        -30.10564964652305,
        -29.92882852831406,
        -29.910577086754593,
        -30.19730745574106,
        -30.20424788050743,
        -30.110238973435962
      ]
    },
    "test_mse": {
      "__ndarray__": true,
      "dtype": "float64",
      "shape": [
        25
      ],
      "data": [
        -1383.3376264400533,
        -1353.024374722651,
        -1324.2576210760838,
        -1368.2120614175642,
        -1362.1558653822437,
        -1383.5196275926457,
        -1366.386006293474,
        -1331.932216485695,
        -1373.1958025606486,
        -1357.599183752723,
        -1360.380732107998,
        -1353.5317223496636,
        -1390.9029256509773,
        -1368.9596818639345,
        -1337.5852232276688,
        -1364.070201930359,
        -1393.464072847743,
        -1363.2532787920493,
        -1354.5768056846894,
        -1355.1242626050544,
        -1354.4060021692103,
        -1351.4656981882176,
        -1374.0734199212634,
        -1375.1493942409527,
        -1351.1442155397692
      ]
    }
  },
  "rxnfp_random": {
    "fit_time": {
      "__ndarray__": true,
      "dtype": "float64",
      "shape": [
        25
      ],
      "data": [
        250.05888485908508,
        249.69948720932007,
        250.65132117271423,
        264.93992805480957,
        250.20860075950623,
        253.55801105499268,
        247.8043029308319,
        247.58885550498962,
        250.477774143219,
        267.08130502700806,
        250.82028365135193,
        250.23133063316345,
        248.83116722106934,
        249.62232851982117,
        248.9224042892456,
        254.22935366630554,
        252.6246931552887,
        266.9961247444153,
        251.19979214668274,
        248.58654594421387,
        253.9567415714264,
        251.54455423355103,
        249.50488352775574,
        249.72629189491272,
        246.31701755523682
      ]
    },
    "score_time": {
      "__ndarray__": true,
      "dtype": "float64",
      "shape": [
        25
      ],
      "data": [
        0.08529973030090332,
        0.07535624504089355,
        0.07517719268798828,
        0.07808876037597656,
        0.0749971866607666,
        0.07509779930114746,
        0.07472467422485352,
        0.07767462730407715,
        0.07501411437988281,
        0.0785515308380127,
        0.07478642463684082,
        0.07499241828918457,
        0.07487750053405762,
        0.08610749244689941,
        0.07483673095703125,
        0.07512545585632324,
        0.07741403579711914,
        0.07587385177612305,
        0.07465195655822754,
        0.07500267028808594,
        0.07502079010009766,
        0.07904267311096191,
        0.07489156723022461,
        0.07505202293395996,
        0.07744026184082031
      ]
    },
    "test_r2": {
      "__ndarray__": true,
      "dtype": "float64",
      "shape": [
        25
      ],
      "data": [
        0.3645859712981063,
        0.3739532044495637,
        0.3766226744711074,
        0.36167070477394714,
        0.37801437679371164,
        0.37467125436822,
        0.3767576936459005,
        0.38269826140308694,
        0.3763718747787732,
        0.3605913330910364,
        0.3619877788154814,
        0.3608476444871975,
        0.37163621787204415,
        0.3845883478821275,
        0.3814755351157718,
        0.37720750552461135,
        0.3759279515797318,
        0.3653762299597363,
        0.3863814977433895,
        0.3487869049474135,
        0.38077569394214894,
        0.3794892638999481,
        0.367840158225338,
        0.3670558439594004,
        0.37288194519151496
      ]
    },
    "test_mae": {
      "__ndarray__": true,
      "dtype": "float64",
      "shape": [
        25
      ],
      "data": [
        -19.107096300469042,
        -18.97823888048674,
        -18.335224641069125,
        -19.22803210872236,
        -18.473427294133593,
        -18.837375807874036,
        -18.74180274257479,
        -18.488060422551314,
        -18.810458957317092,
        -19.12626426891531,
        -18.923250000311008,
        -19.14055211143767,
        -18.723000451960598,
        -18.669565972125586,
        -18.544123043717946,
        -18.62966795652126,
        -19.000916248962845,
        -18.922492684164443,
        -18.575311809102473,
        -19.120141678113523,
        -18.72747515329873,
        -18.558092420258692,
        -18.90048209562622,
        -18.93589059029977,
        -18.79567298378797
      ]
    },
    "test_mse": {
      "__ndarray__": true,
      "dtype": "float64",
      "shape": [
        25
      ],