{
  "drfp_random": {
    "fit_time": {
      "__ndarray__": true,
      "dtype": "float64",
      "shape": [
        5
      ],
      "data": [
        11586.011940956116,
        11517.201308488846,
        11527.346318721771,
        11570.379866600037,
        11883.720920324326
      ]
    },
    "score_time": {
      "__ndarray__": true,
      "dtype": "float64",
      "shape": [
        5
      ],
      "data": [
        3.5197160243988037,
        3.379962921142578,
        3.569161891937256,
        3.549621343612671,
        3.2440237998962402
      ]
    },
    "test_r2": {
      "__ndarray__": true,
      "dtype": "float64",
      "shape": [
        5
      ],
      "data": [
        0.43929494160181326,
        0.4339587308632378,
        0.4372602111438517,
        0.4374777749760427,
        0.4444166376409606
      ]
    },
    "test_mae": {
      "__ndarray__": true,
      "dtype": "float64",
      "shape": [
        5
      ],
      "data": [
        -16.650817495538785,
        -16.776086883916786,
        -16.77960514100104,
        -16.69992170032492,
        -16.613202904872015
      ]
    },
    "test_mse": {
      "__ndarray__": true,
      "dtype": "float64",
      "shape": [
        5
      ],
      "data": [
        -492.64412210437285,
        -499.5002386211732,
        -498.86968249577427,
        -495.3486696265292,
        -490.56676801548025
      ]
    }
  },
  "rxnfp_random": {
    "fit_time": {
      "__ndarray__": true,
      "dtype": "float64",
      "shape": [
        5
      ],
      "data": [
        5124.422597169876,
        5072.616278409958,
        5100.201419591904,
        5182.8796463012695,
        5629.2254819869995
      ]
    },
    "score_time": {
      "__ndarray__": true,
      "dtype": "float64",
      "shape": [
        5
      ],
      "data": [
        2.1426639556884766,
        2.116516590118408,
        2.1327154636383057,
        2.9900267124176025,
        2.406297206878662
      ]
    },
    "test_r2": {
      "__ndarray__": true,
      "dtype": "float64",
      "shape": [
        5
      ],
      "data": [
        0.48613989000020896,
        0.4827121590998432,
        0.48451424549664146,
        0.4863469915179496,
        0.48795359441121255
      ]
    },
    "test_mae": {
      "__ndarray__": true,
      "dtype": "float64",
      "shape": [
        5
      ],
      "data": [
        -15.942120615001798,
        -15.979479632077167,
        -15.994297141723099,
        -15.931400074625623,
        -15.918383719663533
      ]
    },
    "test_mse": {
      "__ndarray__": true,
      "dtype": "float64",
      "shape": [
        5
      ],
      "data": [
        -451.4854271129617,
        -456.4780238718439,
        -456.9789088539505,
        -452.31516744144955,
        -452.12468061868384
      ]
    }
  }
}