{
  "drfp_random": {
    "fit_time": {
      "__ndarray__": true,
      "dtype": "float64",
      "shape": [
        25
      ],
      "data": [
        8.71980619430542,
        8.387754440307617,
        8.34977102279663,
        8.516098260879517,
        8.53185224533081,
        8.403518199920654,
        8.407078981399536,
        8.365193128585815,
        8.394654035568237,
        8.420544385910034,
        8.516804695129395,
        8.283354759216309,
        8.485477447509766,
        8.571775197982788,
        8.506412982940674,
        8.413551568984985,
        8.445514440536499,
        8.420569658279419,
        8.405743837356567,
        8.431199073791504,
        8.371671438217163,
        8.584002494812012,
        8.223996639251709,
        8.445261478424072,
        8.407075881958008
      ]
    },
    "score_time": {
      "__ndarray__": true,
      "dtype": "float64",
      "shape": [
        25
      ],
      "data": [
        0.03393197059631348,
        0.047042131423950195,
        0.03444719314575195,
        0.034243106842041016,
        0.034513235092163086,
        0.03384757041931152,
        0.034450531005859375,
        0.02337193489074707,
        0.03399968147277832,
        0.03362774848937988,
        0.023929595947265625,
        0.03415822982788086,
        0.04915189743041992,
        0.03869462013244629,
        0.03385424613952637,
        0.037687063217163086,
        0.0353388786315918,
        0.03382515907287598,
        0.0339512825012207,
        0.03427386283874512,
        0.02373027801513672,
        0.03395199775695801,
        0.03393697738647461,
        0.03429293632507324,
        0.03422236442565918
      ]
    },
    "test_r2": {
      "__ndarray__": true,
      "dtype": "float64",
      "shape": [
        25
      ],
      "data": [
        0.8003470699213255,
        0.7915607371663359,
        0.801489916523916,
        0.7778713191550028,
        0.7999597755508213,
        0.7615459846174608,
        0.8087046767553903,
        0.7924194401289559,
        0.7774563552122808,
        0.7833050119508305,
        0.7971710863396342,
        0.8044332427985514,
        0.7462916929670596,
        0.7909925256580306,
        0.8250653512444828,
        0.7746071884083296,
        0.7957763472025242,
        0.7883827917702971,
        0.7911066166535193,
        0.7962112637085695,
        0.7793029558740892,
        0.7864264770563449,
        0.7855349145971259,
        0.8022014738149034,
        0.8018530743356196
      ]
    },
    "test_mae": {
      "__ndarray__": true,
      "dtype": "float64",
      "shape": [
        25
      ],
      "data": [
        -4.4859402308147285,
        -4.358828450805673,
        -4.573023329695115,
        -4.256295751022421,
        -4.331076519942434,
        -4.716816644236089,
        -4.415823341228745,
        -4.369997832717013,
        -4.609414133571638,
        -4.3642508019036335,
        -4.221224340775615,
        -4.687006510233102,
        -4.47287291821696,
        -4.425062784349692,
        -4.113543181051144,
        -4.308328143899416,
        -4.533933244324193,
        -4.747554562791336,
        -4.259134259831192,
        -4.433660635126622,
        -4.517932296689131,
        -4.366503476181137,
        -4.574195344365364,
        -4.434466381217574,
        -4.24847740219512
      ]
    },
    "test_mse": {
      "__ndarray__": true,
      "dtype": "float64",
      "shape": [
        25
      ],
      "data": [
        -34.53640071037822,
        -33.23622653033519,
        -35.39108766134681,
        -33.880611529136694,
        -33.11849951646014,
        -41.28697315877951,
        -31.17159306399987,
        -35.21996063564073,
        -36.72668212169986,
        -34.25430731844402,
        -32.50951291191814,
        -36.9224276593407,
        -35.453346035471085,
        -34.08474739451076,
        -30.89747936437885,
        -33.279790919874564,
        -35.92956805295388,
        -39.228643526576825,
        -31.608147262995796,
        -34.576889399985525,
        -37.47969738751802,
        -33.425817241392416,
        -35.91462690657755,
        -34.0074785479024,
        -32.457422799832244
      ]
    }
  },
  "rxnfp_random": {
    "fit_time": {
      "__ndarray__": true,
      "dtype": "float64",
      "shape": [
        25
      ],
      "data": [
        7.856405258178711,
        8.017017841339111,
        8.349335193634033,
        8.061302423477173,
        8.149865627288818,
        7.986073970794678,
        8.222606420516968,
        8.102105617523193,
        8.040663480758667,
        7.922995567321777,
        8.39779257774353,
        8.14791464805603,
        8.33840036392212,
        7.986434698104858,
        7.9996178150177,
        8.017560243606567,
        8.00283694267273,
        8.069547653198242,
        7.975376129150391,
        8.330026388168335,
        8.370522022247314,
        8.208102703094482,
        9.183733463287354,
        7.950749397277832,
        8.032178163528442
      ]
    },
    "score_time": {
      "__ndarray__": true,
      "dtype": "float64",
      "shape": [
        25
      ],
      "data": [
        0.03347373008728027,
        0.036832332611083984,
        0.03408551216125488,
        0.03419065475463867,
        0.03340506553649902,
        0.03368091583251953,
        0.03336930274963379,
        0.06839346885681152,
        0.03687238693237305,
        0.03624868392944336,
        0.11916232109069824,
        0.03460121154785156,
        0.0334925651550293,
        0.03391385078430176,
        0.033773183822631836,
        0.03313469886779785,
        0.03358745574951172,
        0.03359270095825195,
        0.03392505645751953,
        0.03406119346618652,
        0.03329038619995117,
        0.03667593002319336,
        0.03468585014343262,
        0.03389120101928711,
        0.033763885498046875
      ]
    },
    "test_r2": {
      "__ndarray__": true,
      "dtype": "float64",
      "shape": [
        25
      ],
      "data": [
        0.5590035340896007,
        0.5619381430274277,
        0.5552949276310748,
        0.5531724179293663,
        0.5255182839528237,
        0.5431213148888671,
        0.5740720503348284,
        0.532557624944465,
        0.5025098517091081,
        0.5450992274644019,
        0.5416504834799865,
        0.5930663992611855,
        0.478617964858581,
        0.5271417426942062,
        0.6010921322718448,
        0.5054002887609493,
        0.5631806368756471,
        0.5504370341570594,
        0.47528989358780094,
        0.6049697842766559,
        0.5353991428743008,
        0.5313384715670334,
        0.5249511148051894,
        0.5551087591237196,
        0.532686544269773
      ]
    },
    "test_mae": {
      "__ndarray__": true,
      "dtype": "float64",
      "shape": [
        25
      ],
      "data": [
        -6.9631709755472455,
        -6.71254132038804,
        -7.19407365423895,
        -6.556944600726597,
        -6.986647097365755,
        -7.098408376852755,
        -6.524911340845132,
        -7.197614819464943,
        -7.253263303241332,
        -6.698587605644891,
        -6.967320610878738,
        -7.0874366580654815,
        -6.846559793196866,
        -6.969311856255654,
        -6.722448554971062,
        -6.855311594827966,
        -7.099899668496529,
        -7.228922119447968,
        -7.148125288688505,
        -6.390010000544558,
        -7.154050331072659,
        -6.849653221419617,
        -7.115808489168564,
        -6.955256401568887,
        -6.930479770212375
      ]
    },
    "test_mse": {
      "__ndarray__": true,
      "dtype": "float64",
      "shape": [
        25
      ],