{
  "drfp_random": {
    "fit_time": {
      "__ndarray__": true,
      "dtype": "float64",
      "shape": [
        25
      ],
      "data": [
        1.035308599472046,
        1.0362703800201416,
        1.1389687061309814,
        1.2222235202789307,
        1.1090328693389893,
        1.4023187160491943,
        1.2333176136016846,
        1.088428020477295,
        1.0633347034454346,
        1.0324339866638184,
        1.0697321891784668,
        1.0469145774841309,
        1.0496909618377686,
        1.019679069519043,
        1.0124027729034424,
        1.135260820388794,
        0.9796926975250244,
        1.0191881656646729,
        1.037761926651001,
        1.0060865879058838,
        1.0265860557556152,
        1.0632519721984863,
        1.0519359111785889,
        0.989670991897583,
        1.0114657878875732
      ]
    },
    "score_time": {
      "__ndarray__": true,
      "dtype": "float64",
      "shape": [
        25
      ],
      "data": [
        0.03415656089782715,
        0.03564167022705078,
        0.034241437911987305,
        0.03454756736755371,
        0.03518962860107422,
        0.03468894958496094,
        0.03523111343383789,
        0.033893585205078125,
        0.03425145149230957,
        0.03444981575012207,
        0.034268856048583984,
        0.034071922302246094,
        0.0337367057800293,
        0.03364419937133789,
        0.037517547607421875,
        0.03349494934082031,
        0.034152984619140625,
        0.03441214561462402,
        0.03500080108642578,
        0.03427267074584961,
        0.034174203872680664,
        0.03432917594909668,
        0.024112939834594727,
        0.034474849700927734,
        0.034676313400268555
      ]
    },
    "test_r2": {
      "__ndarray__": true,
      "dtype": "float64",
      "shape": [
        25
      ],
      "data": [
        0.6299465097726007,
        0.8095666939443025,
        0.5477746294949057,
        0.7279008138806471,
        0.6103648916889814,
        0.7720340010416173,
        0.6979032583408818,
        0.7529902474704373,
        0.6259305549329124,
        0.5921838118762903,
        0.7263802730168293,
        0.7157666173434847,
        0.7205107330416816,
        0.4127788348370063,
        0.7978782070440272,
        0.7805324603652857,
        0.6354471694088644,
        0.709597197717577,
        0.7571689557961572,
        0.7484578606403143,
        0.719696700836246,
        0.7421828687063486,
        0.7825768987460405,
        0.6456067480405123,
        0.7084139214490041
      ]
    },
    "test_mae": {
      "__ndarray__": true,
      "dtype": "float64",
      "shape": [
        25
      ],
      "data": [
        -1.4643377167565754,
        -1.1309025247586586,
        -1.6004629529801218,
        -1.5670863214597999,
        -1.4849478219696584,
        -1.2896776036407551,
        -1.2541328381505035,
        -1.5119312700064416,
        -1.309256309269537,
        -1.5185657256096057,
        -1.398911220642575,
        -1.2867017361073847,
        -1.3574077410568135,
        -1.7532424267158129,
        -1.261049336388115,
        -1.1705520556978726,
        -1.5574074318527815,
        -1.3414592269724732,
        -1.363056072052837,
        -1.4538399263517483,
        -1.498984127947883,
        -1.3427025038256162,
        -1.1068485009244213,
        -1.4681040700820254,
        -1.5686601574645218
      ]
    },
    "test_mse": {
      "__ndarray__": true,
      "dtype": "float64",
      "shape": [
        25
      ],
      "data": [
        -4.664793196044292,
        -1.9290605182580336,
        -7.533994317384346,
        -4.629708364129126,
        -5.459311049979053,
        -3.179592516329516,
        -3.798591965113409,
        -5.267519032581512,
        -3.23418929468168,
        -5.902089812208723,
        -4.010927492731928,
        -4.066956122565072,
        -3.944245250900476,
        -7.971965824492724,
        -2.953705760222697,
        -2.8752462591001167,
        -6.100772765117305,
        -3.517370663673252,
        -3.288748493659602,
        -4.004144555165598,
        -4.493120692528372,
        -3.201405890145901,
        -2.203595450643497,
        -5.156406261690716,
        -5.305316776724108
      ]
    }
  },
  "rxnfp_random": {
    "fit_time": {
      "__ndarray__": true,
      "dtype": "float64",
      "shape": [
        25
      ],
      "data": [
        2.2473433017730713,
        2.137308359146118,
        2.086606979370117,
        2.1811466217041016,
        2.077802896499634,
        2.1022634506225586,
        2.422039270401001,
        2.1816937923431396,
        2.261704683303833,
        2.347989559173584,
        2.4203264713287354,
        2.241745710372925,
        2.2012979984283447,
        2.1973483562469482,
        2.1166224479675293,
        2.187885046005249,
        2.046321153640747,
        2.1916964054107666,
        2.2770092487335205,
        2.2271487712860107,
        2.231161117553711,
        2.164303779602051,
        2.2030587196350098,
        2.2130866050720215,
        2.168170690536499
      ]
    },
    "score_time": {
      "__ndarray__": true,
      "dtype": "float64",
      "shape": [
        25
      ],
      "data": [
        0.03405475616455078,
        0.03392338752746582,
        0.03605794906616211,
        0.03373384475708008,
        0.03368711471557617,
        0.03382229804992676,
        0.034026145935058594,
        0.03436589241027832,
        0.03338146209716797,
        0.0336766242980957,
        0.023446321487426758,
        0.03356814384460449,
        0.02422499656677246,
        0.0975637435913086,
        0.03455162048339844,
        0.03482627868652344,
        0.0341184139251709,
        0.046700477600097656,
        0.02341175079345703,
        0.033557891845703125,
        0.033622026443481445,
        0.11070990562438965,
        0.037310123443603516,
        0.03661370277404785,
        0.023942232131958008
      ]
    },
    "test_r2": {
      "__ndarray__": true,
      "dtype": "float64",
      "shape": [
        25
      ],
      "data": [
        0.675634195189658,
        0.7182983675747598,
        0.6869023905589298,
        0.7324389556112683,
        0.5199652960883503,
        0.6888765904669591,
        0.6946346466149105,
        0.7785817004966097,
        0.5099850370840795,
        0.7158856087433192,
        0.7221351656882568,
        0.7291475364004466,
        0.6738186836153945,
        0.7006948219012104,
        0.7504523114540658,
        0.7899054552304472,
        0.60598374464864,
        0.6979214328012476,
        0.6751979963658015,
        0.8058236832334295,
        0.7387762492148945,
        0.676299604717657,
        0.5579779376648112,
        0.7223181748439976,
        0.6318832197041317
      ]
    },
    "test_mae": {
      "__ndarray__": true,
      "dtype": "float64",
      "shape": [
        25
      ],
      "data": [
        -1.4556325301038984,
        -1.30143731531194,
        -1.4937299661251369,
        -1.4636347981782458,
        -1.7883682596638206,
        -1.4303510930539605,
        -1.3614238827730403,
        -1.4647834075831594,
        -1.429993306773383,
        -1.381826478841922,
        -1.4556805064288303,
        -1.375749647070764,
        -1.5413791306826474,
        -1.4113772356230156,
        -1.3233088686532954,
        -1.133357018787482,
        -1.6963919571947088,
        -1.3279811466048779,
        -1.528491237827139,
        -1.3741924199530018,
        -1.5032118689292515,
        -1.4644119772616,
        -1.3269667283783122,
        -1.4253431082465757,
        -1.7155755141087163
      ]
    },
    "test_mse": {
      "__ndarray__": true,
      "dtype": "float64",
      "shape": [
        25
      ],