{
  "drfp_random": {
    "fit_time": [
      30.633594274520874,
      30.91832137107849,
      30.866386651992798,
      31.14961051940918,
      31.163332223892212,
      31.222570180892944,
      31.012012481689453,
      30.883201122283936,
      31.073972702026367,
      30.982919931411743,
      31.0552921295166,
      30.8171443939209,
      31.132686376571655,
      31.469066381454468,
      30.757505178451538,
      31.351511478424072,
      33.90124821662903,
      36.30281209945679,
      37.789684534072876,
      36.83850979804993,
      36.47037434577942,
      36.63079762458801,
      36.795512199401855,
      36.110177993774414,
      30.765495777130127
    ],
    "score_time": [
      1.4115774631500244,
      1.4363727569580078,
      1.4466543197631836,
      1.471325159072876,
      1.4132699966430664,
      1.3666253089904785,
      1.443514347076416,
      1.451659917831421,
      1.476985216140747,
      1.4131371974945068,
      1.4620351791381836,
      1.422489881515503,
      1.4661014080047607,
      1.4227807521820068,
      1.431884527206421,
      1.4422035217285156,
      1.6906750202178955,
      1.7866895198822021,
      1.8395352363586426,
      1.6977739334106445,
      1.632237434387207,
      1.6918995380401611,
      1.7246391773223877,
      1.3829925060272217,
      1.293468713760376
    ],
    "test_accuracy": [
      0.949686381134412,
      0.951086224997981,
      0.9489326190540286,
      0.9515169461867715,
      0.9504118882248425,
      0.9478827361563518,
      0.9511669852208792,
      0.9493902603171185,
      0.9508977844778852,
      0.9500888386367308,
      0.9472904945217648,
      0.9499286618031065,
      0.9501171023232025,
      0.9498479015802084,
      0.9499811554406935,
      0.948959539128328,
      0.9497671413573101,
      0.9489864592026274,
      0.9505478235119929,
      0.9497388682496096,
      0.9497402212830107,
      0.9494441004657173,
      0.9501171023232025,
      0.9494979406143161,
      0.9507349378129543
    ],
    "test_f1_weighted": [
      0.9484391211044938,
      0.9503475092231616,
      0.9477232813212768,
      0.9506554620833494,
      0.9492578997738556,
      0.9465984589276606,
      0.9502598660079122,
      0.9482979978061389,
      0.9498080776283776,
      0.948968644347418,
      0.9462482799538472,
      0.9489310076973542,
      0.9488825144987892,
      0.9487350674654813,
      0.9488242730159516,
      0.947790558081153,
      0.948499410209878,
      0.9477009784715257,
      0.9497824400637853,
      0.9482653036757824,
      0.9485099174553955,
      0.9481710410040969,
      0.9489187985466714,
      0.948311749553506,
      0.9495357901170454
    ],
    "test_mcc": [
      0.9465491196050474,
      0.9480140602407006,
      0.9457116033444704,
      0.9484722742531781,
      0.9473136474395257,
      0.9446486408731731,
      0.9481372512089302,
      0.9462681790070226,
      0.9477747539296341,
      0.9468994581322216,
      0.9440239710014745,
      0.9468086372618372,
      0.9469364367473212,
      0.9466982694650644,
      0.9468482440101441,
      0.9457704843808,
      0.9466175831889603,
      0.9457661979967275,
      0.9474302920807071,
      0.9465951302000087,
      0.9466076666741062,
      0.9462845907774018,
      0.9470218955236495,
      0.9462737551305012,
      0.9476224957887813
    ]
  },
  "rxnfp_random": {
    "fit_time": [
      251.29320549964905,
      253.06930136680603,
      268.9794180393219,
      254.61255288124084,
      267.1349878311157,
      255.98407554626465,
      251.06456017494202,
      248.98887729644775,
      246.8492398262024,
      249.9432008266449,
      251.38894844055176,
      247.6858787536621,
      249.98502612113953,
      254.3928644657135,
      270.3897924423218,
      254.06517791748047,
      246.21586394309998,
      258.0735535621643,
      268.7961428165436,
      271.681921005249,
      280.2878255844116,
      266.1302800178528,
      262.05550503730774,
      254.70613837242126,
      257.3399085998535
    ],
    "score_time": [
      1.3222918510437012,
      1.6628100872039795,
      1.358976125717163,
      1.2363557815551758,
      1.8363268375396729,
      1.3204421997070312,
      1.3424007892608643,
      1.3185677528381348,
      1.2972326278686523,
      1.3303141593933105,
      1.3543086051940918,
      1.246424674987793,
      1.3618435859680176,
      1.3718774318695068,
      1.4207804203033447,
      1.2793831825256348,
      1.2258172035217285,
      1.410398244857788,
      1.4214789867401123,
      1.2255167961120605,
      2.0830025672912598,
      1.6472625732421875,
      1.443169355392456,
      1.3134276866912842,
      1.3490755558013916
    ],
    "test_accuracy": [
      0.8432982475031631,
      0.8421137642339893,
      0.8452634129270197,
      0.845747974264409,
      0.8439670489420126,
      0.8406600802218214,
      0.8469055374592834,
      0.8471208980536786,
      0.8431098069830673,
      0.8458515048726646,
      0.8407946805933184,
      0.8444288906237382,
      0.8448057716639298,
      0.8460710151560018,
      0.847682119205298,
      0.8442135300293429,
      0.8459094947102054,
      0.8452095727784209,
      0.8441327698064447,
      0.8433209497657891,
      0.8423560449026839,
      0.8424906452741809,
      0.8439443292863489,
      0.8455864538186125,
      0.847170624024121
    ],
    "test_f1_weighted": [
      0.8369009902212732,
      0.8367611115010386,
      0.8396310925812396,
      0.8403146148780761,
      0.8382857249030595,
      0.8347743272313145,
      0.8414953314482102,
      0.8418265774981505,
      0.8374419217303972,
      0.8405162097148744,
      0.8348217994023533,
      0.8395307458829643,
      0.8393848430308273,
      0.840535153376476,
      0.8423015567690834,
      0.8382994902521176,
      0.8408525619504661,
      0.8400395008087149,
      0.838581960325748,
      0.8374878442775153,
      0.83632218557513,
      0.836411547233064,
      0.8386062145606606,
      0.8399764712856314,
      0.8416776009088001
    ],
    "test_mcc": [
      0.8331020965474568,
      0.8318860960967326,
      0.8351741120551569,
      0.8356976224305885,
      0.8339124716897753,
      0.8304672475229948,
      0.8370651301799332,
      0.8372968942582063,
      0.8327809917894937,
      0.8356593713876278,
      0.8305282613952668,
      0.8344218040438857,
      0.834549777524435,
      0.8360652294781638,
      0.8378405788478291,
      0.8341434169667429,
      0.8359780879067134,
      0.8350994317051649,
      0.8339527224338955,
      0.8331988364388815,
      0.8321851036610176,
      0.8323139565981142,
      0.8339345750252529,
      0.8353359556144802,
      0.8372245423191292
    ]
  },
  "drfp_strat": {
    "fit_time": [
      43.014639377593994,
      40.629746437072754,
      37.98571038246155,
      33.77801275253296,
      33.426225423812866,
      36.765360832214355,
      31.95059561729431,
      31.841941833496094,
      31.94909691810608,
      32.17031002044678,
      32.70005488395691,
      32.74297833442688,
      37.23749279975891,
      41.627171993255615,
      37.436790227890015,
      33.552374601364136,
      35.52383041381836,
      37.325170278549194,
      36.51160550117493,
      31.674468278884888,
      35.48301887512207,
      30.57788348197937,
      34.17094588279724,
      29.786590337753296,
      30.17937731742859
    ],