{
  "drfp_random": {
    "fit_time": [
      29.20130443572998,
      28.780077934265137,
      28.845702648162842,
      29.238497734069824,
      29.008781909942627,
      29.187599182128906,
      29.236236095428467,
      29.15350842475891,
      29.109442949295044,
      28.727848768234253,
      28.79183602333069,
      29.01512622833252,
      28.89871597290039,
      28.77246403694153,
      29.209243774414062,
      28.662524938583374,
      29.339529991149902,
      29.128425359725952,
      29.096237421035767,
      28.659600496292114,
      28.90362524986267,
      28.48500418663025,
      28.801436185836792,
      28.74892783164978,
      28.983176708221436
    ],
    "score_time": [
      0.7474513053894043,
      0.7509911060333252,
      0.7266559600830078,
      0.7567260265350342,
      0.8288631439208984,
      0.7465226650238037,
      0.7487850189208984,
      0.7473232746124268,
      0.746309757232666,
      0.763789176940918,
      0.7672431468963623,
      0.7845160961151123,
      0.7393863201141357,
      0.7472000122070312,
      0.7366945743560791,
      0.7383997440338135,
      0.7374515533447266,
      0.7653248310089111,
      0.7364115715026855,
      0.7380027770996094,
      0.7854340076446533,
      0.7463500499725342,
      0.7466754913330078,
      0.7359905242919922,
      0.7360424995422363
    ],
    "test_accuracy": [
      0.9644655019247853,
      0.9657845855654562,
      0.9630656580612162,
      0.9655153848224621,
      0.9653798524740215,
      0.962581096723827,
      0.9658653457883544,
      0.9650577435593722,
      0.9641155409588931,
      0.9651106444839282,
      0.9623657361294318,
      0.9643847417018871,
      0.9649231431878752,
      0.9646001022962823,
      0.9644376245086954,
      0.9641963011817912,
      0.9641963011817912,
      0.963980940587396,
      0.9648693030392764,
      0.9644645453077048,
      0.9646808625191805,
      0.9642501413303901,
      0.9654615446738632,
      0.9648693030392764,
      0.9642491789156302
    ],
    "test_f1_weighted": [
      0.9641047221460202,
      0.9655683425529261,
      0.9628391493505685,
      0.9654004970235078,
      0.9651143681119253,
      0.9621160261067945,
      0.9658357259632465,
      0.9648562470563413,
      0.9639008204422493,
      0.9648277608018124,
      0.9620425616745716,
      0.9642094901822857,
      0.9646715893519997,
      0.9644033189573206,
      0.9639394495309686,
      0.9640576649201075,
      0.9638029525291124,
      0.9635538366974993,
      0.9646032629455156,
      0.9640781696461307,
      0.9642630615421405,
      0.9639464085584425,
      0.9651851830952369,
      0.9645839173161473,
      0.9640506628357846
    ],
    "test_mcc": [
      0.960536125959254,
      0.9619256696297832,
      0.9589288128391339,
      0.9616709308201409,
      0.9615122336942507,
      0.9584309438783276,
      0.9620654493914997,
      0.9611952363337694,
      0.9600501848788697,
      0.9611621789638218,
      0.9581982194600452,
      0.9604054420891848,
      0.9610100354767817,
      0.960631460518729,
      0.9604275840907427,
      0.9602198683860387,
      0.9601558428728636,
      0.9599169616951729,
      0.9609495983449389,
      0.9605092285399963,
      0.9607082128299685,
      0.9602646126785944,
      0.9616340562099391,
      0.9608939098865918,
      0.9602611615923349
    ]
  },
  "rxnfp_random": {
    "fit_time": [
      142.17868447303772,
      141.1549038887024,
      141.51541709899902,
      140.78610587120056,
      149.52724361419678,
      150.68409824371338,
      145.109760761261,
      151.79232478141785,
      143.6408531665802,
      146.42899870872498,
      148.36403274536133,
      145.1929793357849,
      157.83513927459717,
      160.20803046226501,
      157.34949684143066,
      142.67742252349854,
      141.1884994506836,
      142.73272728919983,
      140.94911432266235,
      140.8589289188385,
      144.81333112716675,
      146.9082555770874,
      140.24493765830994,
      139.25864338874817,
      150.65221643447876
    ],
    "score_time": [
      0.6044049263000488,
      0.6335279941558838,
      0.5904057025909424,
      0.5991904735565186,
      0.6119816303253174,
      0.6219894886016846,
      0.6527519226074219,
      0.672701358795166,
      0.7545719146728516,
      0.6098263263702393,
      0.6010744571685791,
      0.602898359298706,
      0.6994879245758057,
      0.6612675189971924,
      0.5997874736785889,
      0.5923244953155518,
      0.6236732006072998,
      0.6017944812774658,
      0.5921289920806885,
      0.5892045497894287,
      0.7177345752716064,
      0.6016838550567627,
      0.5939168930053711,
      0.5808990001678467,
      0.6119413375854492
    ],
    "test_accuracy": [
      0.8612270169865669,
      0.8609308961692734,
      0.8626807009987347,
      0.8620884593641478,
      0.8610617563129274,
      0.8582658088136323,
      0.8629499017417288,
      0.8642959054566991,
      0.8611193366893692,
      0.8640230442039519,
      0.858911890596818,
      0.8617923385468544,
      0.8616038980267585,
      0.8627076210730341,
      0.8640499650029613,
      0.8616038980267585,
      0.8637036638221122,
      0.8620615392898484,
      0.8610654965407705,
      0.8606310235287783,
      0.8618461786954532,
      0.8608232158720758,
      0.8610385764664711,
      0.8613346972837645,
      0.8589619339902008
    ],
    "test_f1_weighted": [
      0.8563372970692419,
      0.8561270705341474,
      0.8584488785229671,
      0.8575805462185273,
      0.8562850933359754,
      0.8535638153619151,
      0.858144537089112,
      0.8600254240891194,
      0.8565411236036541,
      0.8598950805039571,
      0.8539348588738618,
      0.8573446611588796,
      0.8572657248757245,
      0.8583880827279968,
      0.8596280564505902,
      0.8567489697565105,
      0.8590695759297948,
      0.8575764224436362,
      0.8563462626708624,
      0.8559476371234452,
      0.8571396688836933,
      0.8562374762675747,
      0.8565394473600925,
      0.8568542222415836,
      0.8543539482821592
    ],
    "test_mcc": [
      0.8455920752719497,
      0.8450051001972776,
      0.8471232468743526,
      0.8465170634210788,
      0.8453829893724093,
      0.8424703772784615,
      0.8474340968791582,
      0.8491395434502936,
      0.8451356626959174,
      0.848522322210582,
      0.843062546433883,
      0.8461397836722714,
      0.8459876486648867,
      0.8471221991804732,
      0.8485694887395787,
      0.8460246469619316,
      0.848216817619667,
      0.8463674232839686,
      0.8453065424703509,
      0.8449552113698602,
      0.8460625213631585,
      0.8450705557450239,
      0.8454547214889326,
      0.8454710581012573,
      0.8430722024491116
    ]
  },
  "drfp_strat": {
    "fit_time": [
      36.95018291473389,
      32.920639991760254,
      32.89117074012756,
      32.929110527038574,
      34.51895523071289,
      32.212029695510864,
      34.59218454360962,
      38.45847725868225,
      36.51294684410095,
      34.387309312820435,
      32.78169250488281,
      38.89902997016907,
      36.014301776885986,
      32.417258739471436,
      36.286017656326294,
      36.906599283218384,
      39.465508222579956,
      33.16882944107056,
      36.65007567405701,
      33.85593914985657,
      28.8145809173584,
      28.547528505325317,
      36.27873706817627,
      36.536295890808105,
      31.772735595703125
    ],