{
  "drfp_random": {
    "fit_time": [
      32.81087303161621,
      40.37055492401123,
      37.75728893280029,
      33.083232402801514,
      36.06600022315979,
      33.40423655509949,
      32.78667497634888,
      32.98592925071716,
      34.300068855285645,
      32.38743996620178,
      33.673808097839355,
      33.291728496551514,
      32.50751209259033,
      33.81870770454407,
      34.48529314994812,
      37.51280903816223,
      36.946945667266846,
      41.90228509902954,
      39.68368220329285,
      44.12260174751282,
      40.01378655433655,
      36.108131647109985,
      39.95071077346802,
      39.008986473083496,
      35.980172634124756
    ],
    "score_time": [
      0.441389799118042,
      0.5190904140472412,
      0.44140005111694336,
      0.532590389251709,
      0.48148107528686523,
      0.4311099052429199,
      0.44119858741760254,
      0.4836609363555908,
      0.4403986930847168,
      0.42966723442077637,
      0.443117618560791,
      0.44693613052368164,
      0.4622526168823242,
      0.4305446147918701,
      0.44408488273620605,
      0.6295123100280762,
      0.5051102638244629,
      0.6555805206298828,
      0.564960241317749,
      0.5868263244628906,
      0.5351498126983643,
      0.5486025810241699,
      0.5787925720214844,
      0.4439826011657715,
      0.46985793113708496
    ],
    "test_accuracy": [
      0.9774948178856974,
      0.9786254610062723,
      0.9768487361025117,
      0.977871698925889,
      0.9780595488074086,
      0.9757180929819367,
      0.9782485799660807,
      0.9787869814520688,
      0.9775217379599968,
      0.9786787271846228,
      0.9759603736506313,
      0.9770640966969069,
      0.9770371766226075,
      0.9777370985543921,
      0.9783018359984924,
      0.9775486580342961,
      0.977602498182895,
      0.978006299297386,
      0.9771448569198051,
      0.9771711624401013,
      0.9775217379599968,
      0.977467897811398,
      0.97873314130347,
      0.9764987751366194,
      0.9771442416410919
    ],
    "test_f1_weighted": [
      0.9772222396145891,
      0.9783790542376377,
      0.9765231888592355,
      0.9776414137135565,
      0.9777875412930983,
      0.9754057895291316,
      0.9780424517707715,
      0.9785281784922183,
      0.9772507310411853,
      0.9783364844960417,
      0.9756657030476659,
      0.9768460384372497,
      0.9767652987717668,
      0.9775406279115612,
      0.9778483089026233,
      0.9773197736560364,
      0.9771751282147659,
      0.9777666529391404,
      0.9768382000092868,
      0.9769022727387724,
      0.9771358688882239,
      0.9770891846543025,
      0.978484084868744,
      0.9761498938530491,
      0.976895503757493
    ],
    "test_mcc": [
      0.9660017790310145,
      0.9676216026822968,
      0.9650437722989954,
      0.966639002371701,
      0.9667941261003037,
      0.9633199688368751,
      0.9672396494872224,
      0.9679835643245089,
      0.9659835568905015,
      0.9676349596898065,
      0.9638168601695837,
      0.96535150558197,
      0.9653293618925585,
      0.966229094025027,
      0.9671642936394553,
      0.9662020856846906,
      0.9660247718081622,
      0.9667051696742464,
      0.9654015708677127,
      0.9655265568505604,
      0.9659728775254101,
      0.9660474442244802,
      0.9678817247858853,
      0.9644563994167076,
      0.9653376170412045
    ]
  },
  "rxnfp_random": {
    "fit_time": [
      131.51134967803955,
      137.05390095710754,
      147.33637833595276,
      152.03372597694397,
      145.54804015159607,
      142.18588829040527,
      138.6023166179657,
      136.44247579574585,
      135.46300864219666,
      138.9150676727295,
      148.1540596485138,
      135.9353518486023,
      140.72239518165588,
      151.6254358291626,
      149.66600394248962,
      154.11805748939514,
      127.29903817176819,
      122.60271048545837,
      124.16470146179199,
      126.27391934394836,
      134.74386358261108,
      132.36241936683655,
      131.05410075187683,
      141.77622199058533,
      144.55965900421143
    ],
    "score_time": [
      0.26252007484436035,
      0.324552059173584,
      0.30439257621765137,
      0.4743824005126953,
      0.37259864807128906,
      0.360135555267334,
      0.26277971267700195,
      0.357419490814209,
      0.28429508209228516,
      0.45363283157348633,
      0.3553578853607178,
      0.3048214912414551,
      0.29405975341796875,
      0.37023019790649414,
      0.3353431224822998,
      0.3560140132904053,
      0.2630472183227539,
      0.263657808303833,
      0.2730982303619385,
      0.27350401878356934,
      0.276641845703125,
      0.2737467288970947,
      0.4201831817626953,
      0.39868927001953125,
      0.2942800521850586
    ],
    "test_accuracy": [
      0.9066950224782621,
      0.9085794276792204,
      0.9082833068619269,
      0.9089293886451126,
      0.9102998977009638,
      0.9049990577973995,
      0.9096023905025978,
      0.9117559964465501,
      0.9111099146633644,
      0.9103268184999731,
      0.9051874983174953,
      0.9094677901311008,
      0.9075295447815436,
      0.9100869518399871,
      0.9127766112098207,
      0.9082563867876275,
      0.9117559964465501,
      0.9098715912455918,
      0.9084717473820227,
      0.9068271146287622,
      0.9075833849301425,
      0.9063989016609686,
      0.9110291544404663,
      0.9099792715427895,
      0.907580897001023
    ],
    "test_f1_weighted": [
      0.902441327929314,
      0.904444186892751,
      0.9034853568904502,
      0.9041914571252251,
      0.9055795278008563,
      0.9004524681373542,
      0.905329994979101,
      0.9071410985822468,
      0.906775813944076,
      0.9059662463924625,
      0.9005898451540635,
      0.9050993051013023,
      0.9030890997828611,
      0.9059347452183898,
      0.9082100200074058,
      0.9039769912818701,
      0.9074075085996831,
      0.9054980365382698,
      0.9040627342989135,
      0.9021619194149819,
      0.9030799385456585,
      0.9016409405144453,
      0.9067643427453544,
      0.9054672336391287,
      0.9030407815396665
    ],
    "test_mcc": [
      0.8579827490486684,
      0.860472966879614,
      0.8604391506358472,
      0.861571718507427,
      0.8633447392479477,
      0.8554451110247497,
      0.8627257696724836,
      0.8656858370123695,
      0.8645528569896862,
      0.8630176366091757,
      0.8561303184918443,
      0.8622728171064175,
      0.8594599475039522,
      0.8625897644397121,
      0.8671089924392734,
      0.8608296539219562,
      0.8652742785787502,
      0.8626239495771515,
      0.8605123466508676,
      0.8583054290501607,
      0.8590721196596519,
      0.8577667012620613,
      0.8647236358403969,
      0.8628204687167889,
      0.858972960485646
    ]
  },
  "drfp_strat": {
    "fit_time": [
      35.0388822555542,
      35.984723806381226,
      41.34254288673401,
      35.69805359840393,
      31.30901575088501,
      35.52917408943176,
      38.50953769683838,
      34.62677335739136,
      31.460017204284668,
      31.68486785888672,
      31.818334579467773,
      31.166844129562378,
      31.355764150619507,
      31.37941813468933,
      31.579903841018677,
      30.588006734848022,
      30.916178464889526,
      32.25031542778015,
      31.127939701080322,
      31.63325548171997,
      30.909609079360962,
      31.699641704559326,
      31.260801315307617,
      31.23907470703125,
      31.46002435684204
    ],