{
  "drfp_random": {
    "fit_time": [
      9.121193408966064,
      9.083183288574219,
      9.077433586120605,
      9.053927659988403,
      9.067938089370728,
      9.052057027816772,
      9.043702125549316,
      9.026049852371216,
      9.121419429779053,
      8.99307370185852,
      9.783488035202026,
      8.934277296066284,
      8.921782493591309,
      8.906531810760498,
      8.943078994750977,
      8.932703018188477,
      8.967639923095703,
      8.98533844947815,
      8.977145671844482,
      8.949422836303711,
      9.046106576919556,
      8.881691932678223,
      9.03799319267273,
      8.932104349136353,
      8.98368239402771
    ],
    "score_time": [
      0.24462318420410156,
      0.24372172355651855,
      0.24830937385559082,
      0.23384356498718262,
      0.24418139457702637,
      0.23485398292541504,
      0.24622416496276855,
      0.23435711860656738,
      0.244734525680542,
      0.24545955657958984,
      0.2332141399383545,
      0.2731642723083496,
      0.23318934440612793,
      0.2356126308441162,
      0.2442023754119873,
      0.2342829704284668,
      0.23267412185668945,
      0.2327566146850586,
      0.23377394676208496,
      0.24414515495300293,
      0.2441575527191162,
      0.2332313060760498,
      0.23411321640014648,
      0.2355668544769287,
      0.2342672348022461
    ],
    "test_accuracy": [
      0.9681,
      0.9669,
      0.9694,
      0.9696,
      0.9683,
      0.9692,
      0.9659,
      0.9676,
      0.9707,
      0.9669,
      0.9688,
      0.9713,
      0.9701,
      0.965,
      0.9686,
      0.9663,
      0.9681,
      0.9673,
      0.9727,
      0.9692,
      0.9686,
      0.9689,
      0.9678,
      0.9687,
      0.9693
    ],
    "test_f1_weighted": [
      0.9678660953872664,
      0.9666386817630657,
      0.9691239720234973,
      0.9693558229283892,
      0.968066223176508,
      0.9688950726944829,
      0.9656205586844717,
      0.9673297182810034,
      0.970546185146979,
      0.9666659268812562,
      0.9686124795764801,
      0.9712226715692174,
      0.9698816513300095,
      0.9647247663086322,
      0.9681741744280338,
      0.9661591578713542,
      0.9678253507088417,
      0.9670164680723423,
      0.9724897172041481,
      0.9690480637809227,
      0.9683132317441763,
      0.9686567519935783,
      0.9675685404296717,
      0.96839962147401,
      0.9691109236925926
    ],
    "test_mcc": [
      0.9674600522751788,
      0.9662372177833067,
      0.9687845639336427,
      0.9689887220370331,
      0.9676610703218532,
      0.9685800134886381,
      0.965216289900072,
      0.9669487613321114,
      0.970107178871454,
      0.9662341584781768,
      0.9681717812330507,
      0.9707204533585391,
      0.9694958864648632,
      0.9642995122851121,
      0.9679731465861439,
      0.9656172836078949,
      0.967461866334513,
      0.9666474654055327,
      0.9721483688818868,
      0.9685766305924361,
      0.967969763606022,
      0.9682727478498578,
      0.9671533800548962,
      0.9680731777947124,
      0.9686779994711555
    ]
  },
  "rxnfp_random": {
    "fit_time": [
      32.11288356781006,
      31.75914454460144,
      35.877690076828,
      31.99171209335327,
      35.6838583946228,
      33.538098096847534,
      32.39238429069519,
      35.099759340286255,
      33.093865394592285,
      32.90768122673035,
      36.42909336090088,
      34.670268297195435,
      33.715588092803955,
      34.65087342262268,
      33.31584548950195,
      31.384145736694336,
      32.11636519432068,
      32.11965894699097,
      32.0339469909668,
      31.933853149414062,
      31.32332754135132,
      32.12139296531677,
      32.642889738082886,
      31.606221437454224,
      32.25706100463867
    ],
    "score_time": [
      0.13162493705749512,
      0.1344926357269287,
      0.14972543716430664,
      0.13232016563415527,
      0.1499335765838623,
      0.14211249351501465,
      0.14243531227111816,
      0.19713330268859863,
      0.13248777389526367,
      0.142500638961792,
      0.14272451400756836,
      0.13212227821350098,
      0.16359758377075195,
      0.1848011016845703,
      0.13178730010986328,
      0.13228726387023926,
      0.13193917274475098,
      0.13224577903747559,
      0.13259077072143555,
      0.14214205741882324,
      0.13244962692260742,
      0.13262367248535156,
      0.131850004196167,
      0.13353562355041504,
      0.14055657386779785
    ],
    "test_accuracy": [
      0.9599,
      0.9618,
      0.9621,
      0.963,
      0.9621,
      0.9613,
      0.9633,
      0.962,
      0.9623,
      0.9619,
      0.9612,
      0.9635,
      0.9634,
      0.9595,
      0.9622,
      0.9607,
      0.9599,
      0.9598,
      0.9659,
      0.9619,
      0.9608,
      0.9611,
      0.9664,
      0.9604,
      0.9616
    ],
    "test_f1_weighted": [
      0.959674279820023,
      0.9616480684925831,
      0.9620694985019241,
      0.9626977404005059,
      0.9620398064627771,
      0.9611860593012022,
      0.963216337257013,
      0.9619110735978662,
      0.9622972894204836,
      0.9617308173051988,
      0.9610473680955307,
      0.9634064486876276,
      0.9633522781797627,
      0.9592911962186821,
      0.9620573122724388,
      0.9606413610488971,
      0.9598260134479064,
      0.9596889452624602,
      0.9657233820464084,
      0.9617396796083966,
      0.9607254405130153,
      0.9609778113929873,
      0.9662714006260726,
      0.9603194359647143,
      0.9615248958313026
    ],
    "test_mcc": [
      0.9590887294678766,
      0.9610264014202473,
      0.9613304622476303,
      0.962258608621561,
      0.9613357593065334,
      0.9605185496517215,
      0.9625527518345184,
      0.9612308992133919,
      0.9615351806977792,
      0.961134209103744,
      0.9604172971018945,
      0.962764156594462,
      0.9626586975332491,
      0.958682680386211,
      0.9614371444591411,
      0.9599028771129247,
      0.9590851425475178,
      0.958990780091139,
      0.9652081146404481,
      0.9611260671103764,
      0.9600054521961863,
      0.9603092130128615,
      0.9657231343735331,
      0.9595982427074621,
      0.9608248946082195
    ]
  },
  "drfp_strat": {
    "fit_time": [
      9.025629758834839,
      9.561936378479004,
      11.792630195617676,
      11.05844521522522,
      9.798049926757812,
      10.646372556686401,
      10.778977394104004,
      10.293433666229248,
      10.316918134689331,
      10.834689617156982,
      10.716960191726685,
      10.991825819015503,
      10.203225135803223,
      10.590004444122314,
      9.243101596832275,
      9.734862327575684,
      9.247141122817993,
      9.323875188827515,
      9.186712265014648,
      9.278771877288818,
      9.13088345527649,
      9.291431427001953,
      9.131030321121216,
      9.254845380783081,
      9.368112087249756
    ],
    "score_time": [
      0.24500131607055664,
      0.3707892894744873,
      0.3122084140777588,
      0.2778961658477783,
      0.3192408084869385,
      0.2546262741088867,
      0.27562713623046875,
      0.2548351287841797,
      0.2985239028930664,
      0.2990248203277588,
      0.2557249069213867,
      0.25409388542175293,
      0.3138463497161865,
      0.243424654006958,
      0.25398826599121094,
      0.2440319061279297,
      0.24624991416931152,
      0.25668954849243164,
      0.24496197700500488,
      0.2541964054107666,
      0.2443709373474121,
      0.25419020652770996,
      0.2535386085510254,
      0.2542109489440918,
      0.27039551734924316
    ],
    "test_accuracy": [
      0.9674,
      0.9692,
      0.9686,
      0.9661,
      0.9707,
      0.9678,
      0.9702,
      0.9678,
      0.964,
      0.9696,
      0.9664,
      0.968,
      0.9717,
      0.9701,
      0.9663,
      0.9689,
      0.9697,
      0.9678,
      0.9676,
      0.9699,
      0.9696,
      0.9692,
      0.9651,
      0.9675,
      0.9711
    ],