{
  "drfp_random": {
    "fit_time": [
      10.292627096176147,
      10.136744022369385,
      10.114411354064941,
      10.11093282699585,
      10.081831455230713,
      10.187160968780518,
      10.105409860610962,
      10.188533067703247,
      10.097317934036255,
      10.147387027740479,
      10.17272138595581,
      10.114510536193848,
      10.101173877716064,
      10.086109638214111,
      10.096433877944946,
      10.156805992126465,
      10.20430064201355,
      10.160807609558105,
      10.064944505691528,
      10.016258955001831,
      10.109286546707153,
      10.189205646514893,
      10.02315068244934,
      10.000389099121094,
      10.129003047943115
    ],
    "score_time": [
      0.25507044792175293,
      0.24460291862487793,
      0.24367594718933105,
      0.24341607093811035,
      0.25394439697265625,
      0.2983269691467285,
      0.2677605152130127,
      0.24389219284057617,
      0.24370765686035156,
      0.2555363178253174,
      0.25647640228271484,
      0.24413681030273438,
      0.24343013763427734,
      0.2460620403289795,
      0.2569453716278076,
      0.24455952644348145,
      0.2443552017211914,
      0.24399709701538086,
      0.24602746963500977,
      0.24434256553649902,
      0.2542719841003418,
      0.24646973609924316,
      0.24521780014038086,
      0.24271249771118164,
      0.2467963695526123
    ],
    "test_accuracy": [
      0.9521,
      0.9532,
      0.9551,
      0.9535,
      0.9533,
      0.9538,
      0.9515,
      0.9539,
      0.9546,
      0.9506,
      0.9517,
      0.9515,
      0.9553,
      0.9518,
      0.952,
      0.9522,
      0.9542,
      0.9517,
      0.9546,
      0.9558,
      0.9578,
      0.9518,
      0.9517,
      0.9512,
      0.9514
    ],
    "test_f1_weighted": [
      0.9518392551772064,
      0.9531645001970279,
      0.9549303959861069,
      0.9535147310325564,
      0.9531145117240325,
      0.9537327415783344,
      0.9512323822973267,
      0.9537514338902503,
      0.9545338036562656,
      0.9503522961024208,
      0.9515093055357249,
      0.9515063364759433,
      0.9551722381085905,
      0.9515804774634453,
      0.9518371280968966,
      0.9520819011999445,
      0.9537923290945338,
      0.9514271368931805,
      0.9545348057491483,
      0.9556926779428797,
      0.9576695554736849,
      0.9516472577328221,
      0.9517643992503401,
      0.9508845089062227,
      0.9511276197407053
    ],
    "test_mcc": [
      0.9511403125369513,
      0.9522528329233438,
      0.9542027485890265,
      0.9525604748377986,
      0.952359496611373,
      0.9528687558120749,
      0.9505208856885785,
      0.9529745331441764,
      0.953699247492487,
      0.949599515010702,
      0.9507255373557754,
      0.9505204813255412,
      0.9544023323243933,
      0.9508334572535709,
      0.9510315008197153,
      0.9512304184526349,
      0.9532864886206724,
      0.9507273897264088,
      0.9536865188442637,
      0.9549051541162777,
      0.956950569021163,
      0.9508252681385604,
      0.9507252672362588,
      0.9502175763988552,
      0.9504202725774364
    ]
  },
  "rxnfp_random": {
    "fit_time": [
      31.774510860443115,
      31.235241174697876,
      32.13243079185486,
      32.59998607635498,
      32.190911054611206,
      31.587539672851562,
      31.68381929397583,
      31.367595911026,
      32.53340125083923,
      32.72808861732483,
      32.289843797683716,
      31.528732776641846,
      32.45576739311218,
      32.85788893699646,
      34.01937794685364,
      33.29720139503479,
      33.16566228866577,
      32.90194821357727,
      31.373284339904785,
      31.256192207336426,
      31.654247522354126,
      31.45043706893921,
      31.396097421646118,
      31.374176740646362,
      31.24619746208191
    ],
    "score_time": [
      0.15325212478637695,
      0.14291930198669434,
      0.1425776481628418,
      0.1427006721496582,
      0.14318251609802246,
      0.1417829990386963,
      0.14597797393798828,
      0.1343979835510254,
      0.1845076084136963,
      0.14240717887878418,
      0.14180302619934082,
      0.1442279815673828,
      0.14316177368164062,
      0.15260934829711914,
      0.1849510669708252,
      0.16403603553771973,
      0.17593789100646973,
      0.14977431297302246,
      0.17361712455749512,
      0.14173674583435059,
      0.1427297592163086,
      0.14295434951782227,
      0.14383316040039062,
      0.1434316635131836,
      0.14675402641296387
    ],
    "test_accuracy": [
      0.9346,
      0.9346,
      0.9373,
      0.9384,
      0.9355,
      0.9343,
      0.9356,
      0.9378,
      0.9346,
      0.9339,
      0.9391,
      0.9378,
      0.9335,
      0.9351,
      0.9349,
      0.935,
      0.9353,
      0.9349,
      0.942,
      0.9385,
      0.9402,
      0.937,
      0.936,
      0.9307,
      0.9318
    ],
    "test_f1_weighted": [
      0.9340738583359963,
      0.9342765216630505,
      0.9370250494390607,
      0.9379427752489486,
      0.9352310963933718,
      0.9338284137812445,
      0.9354219280054691,
      0.9373795929850548,
      0.9343867984654156,
      0.9335629296098586,
      0.9388567349699292,
      0.9374661661990613,
      0.9334002985302498,
      0.9347004549916326,
      0.9342610999871682,
      0.9347792153200717,
      0.9348408348356386,
      0.9346569842825676,
      0.9417682742297199,
      0.9382485058759672,
      0.9398361234003343,
      0.9365366943690984,
      0.9357202778555482,
      0.930256523249429,
      0.9316141252399924
    ],
    "test_mcc": [
      0.9332861787377975,
      0.9332826155620423,
      0.9360288028969515,
      0.9371604897567989,
      0.9342070822147751,
      0.9329813185066171,
      0.9342896991642715,
      0.9365523532639171,
      0.9332768667998793,
      0.9325692681647904,
      0.9378824106310907,
      0.9365443089152071,
      0.9321528701919264,
      0.93379929800484,
      0.9335992016824265,
      0.9336911874462137,
      0.9339943144495951,
      0.9335861325528678,
      0.9408200545738256,
      0.9372553332824377,
      0.938995871608283,
      0.9357272152240781,
      0.9347112355673128,
      0.9293057665527805,
      0.9304224932942283
    ]
  },
  "drfp_strat": {
    "fit_time": [
      9.996593236923218,
      10.09989047050476,
      10.046463012695312,
      10.04278826713562,
      10.036288499832153,
      10.107535362243652,
      10.09708046913147,
      10.01130223274231,
      9.997056484222412,
      10.11072850227356,
      10.06510615348816,
      9.97844123840332,
      10.006695985794067,
      10.058440923690796,
      10.06751298904419,
      9.98454761505127,
      10.043232679367065,
      10.347516775131226,
      10.826581954956055,
      10.024960994720459,
      10.070413589477539,
      9.941629409790039,
      10.019834041595459,
      9.955211877822876,
      10.055509567260742
    ],
    "score_time": [
      0.2544372081756592,
      0.2455906867980957,
      0.24331426620483398,
      0.25394225120544434,
      0.2442493438720703,
      0.24449539184570312,
      0.24425768852233887,
      0.24394536018371582,
      0.24554848670959473,
      0.25525832176208496,
      0.24431467056274414,
      0.24582409858703613,
      0.24324607849121094,
      0.24399757385253906,
      0.244279146194458,
      0.24359464645385742,
      0.24425458908081055,
      0.2672078609466553,
      0.2456660270690918,
      0.2552361488342285,
      0.2430431842803955,
      0.24449419975280762,
      0.24481844902038574,
      0.27906107902526855,
      0.2449800968170166
    ],
    "test_accuracy": [
      0.9492,
      0.9538,
      0.9526,
      0.951,
      0.9523,
      0.9547,
      0.9527,
      0.9526,
      0.9511,
      0.9554,
      0.9529,
      0.9537,
      0.9522,
      0.9534,
      0.9519,
      0.9519,
      0.9523,
      0.9534,
      0.9533,
      0.9564,
      0.9542,
      0.954,
      0.9491,
      0.9544,
      0.9559
    ],