{
  "drfp_random": {
    "fit_time": [
      12.395497560501099,
      12.767613887786865,
      12.888556957244873,
      12.589041948318481,
      12.868866443634033,
      12.80007553100586,
      12.587777376174927,
      15.241240739822388,
      13.475286960601807,
      13.391581535339355,
      13.716166973114014,
      13.093275547027588,
      13.282028675079346,
      13.22462797164917,
      13.477754354476929,
      12.323264837265015,
      12.80806016921997,
      12.917787313461304,
      13.779650211334229,
      12.60363221168518,
      12.523626804351807,
      12.549171447753906,
      12.600773811340332,
      14.035349369049072,
      16.10362458229065
    ],
    "score_time": [
      1.110536813735962,
      1.0863983631134033,
      1.1546664237976074,
      1.1250519752502441,
      1.1593263149261475,
      1.1241910457611084,
      1.4806156158447266,
      1.2390265464782715,
      1.2290775775909424,
      1.2773046493530273,
      1.1354141235351562,
      1.165574550628662,
      1.1979193687438965,
      1.216029167175293,
      1.1189393997192383,
      1.141385793685913,
      1.073274850845337,
      1.074655532836914,
      1.3930962085723877,
      1.0955862998962402,
      1.1176369190216064,
      1.1860415935516357,
      1.1973185539245605,
      1.8544988632202148,
      1.459796667098999
    ],
    "test_accuracy": [
      0.9163309932098055,
      0.91701197053407,
      0.9196593001841621,
      0.9212707182320442,
      0.9227670349907919,
      0.9224306594544827,
      0.9148250460405156,
      0.9193139963167587,
      0.9205801104972375,
      0.9203499079189686,
      0.9196685464380251,
      0.9226519337016574,
      0.9209254143646409,
      0.9227670349907919,
      0.9183931860036832,
      0.9196685464380251,
      0.9239180478821363,
      0.9210405156537753,
      0.9215009208103131,
      0.9196593001841621,
      0.9215099551156635,
      0.920695211786372,
      0.9147099447513812,
      0.9202348066298343,
      0.9236878453038674
    ],
    "test_f1_weighted": [
      0.903035774921265,
      0.9028735996761628,
      0.9058240562886062,
      0.9089522341386694,
      0.9099871317630845,
      0.9095310479575224,
      0.8999467157927342,
      0.9062037721171937,
      0.908399024579763,
      0.9070874637622213,
      0.9058855917541098,
      0.9094213871080695,
      0.9092093784363097,
      0.9104088585269328,
      0.9036891406375642,
      0.9075524808380415,
      0.9099413056602699,
      0.9073142544408914,
      0.9098206055187923,
      0.906241980722311,
      0.9088519638043019,
      0.9078663520152632,
      0.9007317991989346,
      0.9064584166020672,
      0.9105578731574235
    ],
    "test_mcc": [
      0.895291914020845,
      0.8969364693246461,
      0.9016303895157984,
      0.9021582882896458,
      0.9038715145592161,
      0.9040147091825952,
      0.8941707451421024,
      0.8999570571794245,
      0.9019952547780615,
      0.9002553058744656,
      0.8993366436150857,
      0.9038639129209274,
      0.9030829263077411,
      0.9034555085061157,
      0.8994810680280486,
      0.9002402081141556,
      0.9048207261331037,
      0.9027132143160154,
      0.9023416433659447,
      0.9007747157937975,
      0.9028743987031838,
      0.9020885531165738,
      0.8947871199541207,
      0.8997218836937045,
      0.905218120879185
    ]
  },
  "rxnfp_random": {
    "fit_time": [
      179.89791893959045,
      176.62735152244568,
      178.24309849739075,
      176.9245617389679,
      184.1002058982849,
      186.67443704605103,
      181.099595785141,
      180.51859545707703,
      179.41099953651428,
      176.6772584915161,
      181.91051125526428,
      180.77767539024353,
      185.394437789917,
      183.58184361457825,
      184.58855080604553,
      181.29931259155273,
      181.2325472831726,
      180.5547013282776,
      181.85899543762207,
      181.28264474868774,
      181.03171277046204,
      184.81014275550842,
      178.73588156700134,
      179.49633407592773,
      179.24071216583252
    ],
    "score_time": [
      0.9843883514404297,
      0.9438703060150146,
      0.9422581195831299,
      0.9539675712585449,
      1.0126895904541016,
      1.0882594585418701,
      1.1248562335968018,
      1.1657166481018066,
      1.0847117900848389,
      0.9624972343444824,
      1.407881259918213,
      1.2709155082702637,
      1.0758812427520752,
      1.3726112842559814,
      1.403536319732666,
      1.434070348739624,
      1.1074693202972412,
      1.0751163959503174,
      1.0673234462738037,
      1.1585958003997803,
      1.2604944705963135,
      1.088519811630249,
      1.0636680126190186,
      1.044191837310791,
      1.0456337928771973
    ],
    "test_accuracy": [
      0.7699390033375533,
      0.7742863720073665,
      0.7678406998158379,
      0.7727900552486188,
      0.7679558011049724,
      0.7607319599493613,
      0.766804788213628,
      0.774171270718232,
      0.7666896869244936,
      0.7753222836095764,
      0.7690182989987341,
      0.7710635359116023,
      0.7604742173112339,
      0.7714088397790055,
      0.7703729281767956,
      0.7632638968811141,
      0.7745165745856354,
      0.76945211786372,
      0.7742863720073665,
      0.7678406998158379,
      0.7614224882034757,
      0.7720994475138122,
      0.7714088397790055,
      0.7681860036832413,
      0.7763581952117864
    ],
    "test_f1_weighted": [
      0.7296584484838946,
      0.7361240516420111,
      0.7283247552546365,
      0.7348763801802304,
      0.7276842062296537,
      0.7212366348091379,
      0.7265772903147707,
      0.7363470676810474,
      0.7260195665499639,
      0.7377166066648232,
      0.7288004143262179,
      0.733471795628241,
      0.7200659876239729,
      0.7312146364604012,
      0.7314663962391693,
      0.7238642480425703,
      0.7344349525582452,
      0.7294860242989939,
      0.7338776016640244,
      0.7295492086480714,
      0.7218906547647861,
      0.7331182648853705,
      0.7334027996333953,
      0.7273340780269576,
      0.7367894827322231
    ],
    "test_mcc": [
      0.7037872588303196,
      0.7119758181409387,
      0.7078056918985081,
      0.7098012960008429,
      0.702943475407986,
      0.695234573187373,
      0.7021706935046855,
      0.7124710084668294,
      0.7036841230845751,
      0.7108987166061281,
      0.7023485969182798,
      0.7073772098958065,
      0.6980458331019257,
      0.7058235795010344,
      0.7088917725339206,
      0.6975173017690861,
      0.7095782900921394,
      0.7077780477282373,
      0.7114926908769339,
      0.7054813690704677,
      0.6958603539949115,
      0.7109369400210749,
      0.7107110026734199,
      0.7000767753991202,
      0.7142411652187914
    ]
  },
  "drfp_strat": {
    "fit_time": [
      12.92074966430664,
      12.812349557876587,
      12.77484393119812,
      12.847314357757568,
      12.85202693939209,
      12.73823094367981,
      12.798130750656128,
      12.773444652557373,
      12.735314846038818,
      12.790709495544434,
      12.873193264007568,
      12.806285381317139,
      12.827571392059326,
      12.788515329360962,
      12.81519627571106,
      12.79387617111206,
      12.780643939971924,
      12.783532857894897,
      12.818785667419434,
      12.850887298583984,
      12.8056321144104,
      12.830301523208618,
      12.848237037658691,
      12.728882551193237,
      12.854021072387695
    ],