{
  "drfp_random": {
    "fit_time": [
      8.867939949035645,
      8.889749765396118,
      8.913650512695312,
      8.878146886825562,
      9.516962766647339,
      9.623313903808594,
      8.859905004501343,
      8.858573198318481,
      8.895418405532837,
      8.885947704315186,
      8.868354082107544,
      8.907285690307617,
      8.942596673965454,
      8.88559365272522,
      8.853816747665405,
      8.817829132080078,
      8.849058151245117,
      9.001360654830933,
      8.888268947601318,
      8.911981344223022,
      8.909779071807861,
      8.79951548576355,
      8.889049291610718,
      8.921599626541138,
      8.879048347473145
    ],
    "score_time": [
      0.6232719421386719,
      0.6338634490966797,
      0.6219491958618164,
      0.6150329113006592,
      0.6240959167480469,
      0.6246147155761719,
      0.6223363876342773,
      0.6321172714233398,
      0.6215174198150635,
      0.6477057933807373,
      0.6121025085449219,
      0.6212551593780518,
      0.6228420734405518,
      0.6214005947113037,
      0.6202318668365479,
      0.6230518817901611,
      0.6203634738922119,
      0.6210625171661377,
      0.6219165325164795,
      0.6233181953430176,
      0.6115095615386963,
      0.6113135814666748,
      0.6222372055053711,
      0.622556209564209,
      0.6130383014678955
    ],
    "test_accuracy": [
      0.940959834273219,
      0.9427946593001841,
      0.9445211786372008,
      0.9412983425414365,
      0.9402624309392266,
      0.9471745885602486,
      0.9407228360957642,
      0.9427946593001841,
      0.9449815837937385,
      0.9388812154696132,
      0.9406145701461618,
      0.9424493554327809,
      0.944866482504604,
      0.9375,
      0.9454419889502762,
      0.9402693060191046,
      0.9457872928176796,
      0.948549723756906,
      0.9417587476979742,
      0.9433701657458563,
      0.9385429853838186,
      0.9444060773480663,
      0.9439456721915286,
      0.9383057090239411,
      0.9447513812154696
    ],
    "test_f1_weighted": [
      0.9359400844618173,
      0.9377699998478636,
      0.9407192339104248,
      0.9369168846777501,
      0.9344339078742466,
      0.9429419445324579,
      0.9357790767122214,
      0.9381344457873477,
      0.9404438759145402,
      0.933401498989974,
      0.9365232913545924,
      0.9377042943514847,
      0.939646573637519,
      0.9323987435871278,
      0.9406480170693966,
      0.9352615387623203,
      0.9414393140228302,
      0.9449793231665994,
      0.936922368201353,
      0.938172759939098,
      0.9337944965539475,
      0.9406076970967844,
      0.9390049847416289,
      0.933695811585539,
      0.9396309039858143
    ],
    "test_mcc": [
      0.939703440099354,
      0.9415051653698073,
      0.9433047904014543,
      0.9400494388553546,
      0.9389403832206147,
      0.9459953881336437,
      0.939410720474733,
      0.9416278315396549,
      0.9437510466722118,
      0.9375996526054239,
      0.9393388420842687,
      0.9411918385583881,
      0.9436191835575434,
      0.9361154151236654,
      0.9443065231277246,
      0.9389822955464456,
      0.9445767814586987,
      0.9474304631190127,
      0.9405029116613518,
      0.9421514260433842,
      0.9373364759188171,
      0.9431618366396223,
      0.942693282990809,
      0.9368646622395889,
      0.9435926024985685
    ]
  },
  "rxnfp_random": {
    "fit_time": [
      108.80917096138,
      108.71928000450134,
      108.249826669693,
      107.48011684417725,
      110.20598220825195,
      108.81490898132324,
      111.04568934440613,
      108.73407316207886,
      110.75336003303528,
      107.62099051475525,
      109.17219257354736,
      109.34435558319092,
      110.70590162277222,
      109.49110388755798,
      110.3261456489563,
      108.86818337440491,
      108.59815692901611,
      107.75784039497375,
      107.33483028411865,
      109.35553431510925,
      110.29448294639587,
      108.60219693183899,
      109.22376871109009,
      109.56724977493286,
      109.23742461204529
    ],
    "score_time": [
      0.5420615673065186,
      0.5414578914642334,
      0.5428967475891113,
      0.5335049629211426,
      0.5308589935302734,
      0.7299764156341553,
      0.5395851135253906,
      0.5700206756591797,
      0.5437078475952148,
      0.540818452835083,
      0.5394699573516846,
      0.5399074554443359,
      0.5464622974395752,
      0.5433242321014404,
      0.5404369831085205,
      0.547640323638916,
      0.5527839660644531,
      0.5421686172485352,
      0.5401513576507568,
      0.5403175354003906,
      0.5422866344451904,
      0.5355758666992188,
      0.5398783683776855,
      0.5534188747406006,
      0.5337133407592773
    ],
    "test_accuracy": [
      0.9033260444239843,
      0.9056169429097606,
      0.9048112338858195,
      0.9022790055248618,
      0.9007826887661142,
      0.9075843019910231,
      0.9056169429097606,
      0.9036602209944752,
      0.9053867403314917,
      0.8952578268876611,
      0.9052825411439751,
      0.9011279926335175,
      0.9048112338858195,
      0.8949125230202578,
      0.9087246777163904,
      0.9025204281275175,
      0.9004373848987108,
      0.9074585635359116,
      0.8985957642725598,
      0.9072283609576427,
      0.89975831511106,
      0.9097605893186004,
      0.9059622467771639,
      0.9049263351749539,
      0.8998618784530387
    ],
    "test_f1_weighted": [
      0.8947571795242484,
      0.8968112350664432,
      0.8959988012526823,
      0.8946109263921419,
      0.8912355862580117,
      0.8994752110513947,
      0.896650579578613,
      0.8948381554651903,
      0.8970063745305134,
      0.886882738578994,
      0.8978037011530791,
      0.8921675838095455,
      0.895513147159545,
      0.8856983393210209,
      0.9011936594526576,
      0.8939154686717783,
      0.8922584969020321,
      0.899059293709305,
      0.889557850734858,
      0.8985783738450721,
      0.8908810921435999,
      0.900687324709938,
      0.8978930069566851,
      0.8963395819923662,
      0.8916616930033867
    ],
    "test_mcc": [
      0.9015674615025908,
      0.9037758448204205,
      0.9029430343209732,
      0.9004378602267593,
      0.8987552299420031,
      0.9058179651871964,
      0.9038128100574215,
      0.9019477301370689,
      0.9035156805389983,
      0.8933496155603603,
      0.9035436171042137,
      0.8991872941919261,
      0.9029288866238362,
      0.8927249043177493,
      0.9070432838793774,
      0.900718829675567,
      0.8985762418966169,
      0.9055222392990754,
      0.8966327135792357,
      0.9054292596339146,
      0.8980885225586459,
      0.9079029194386323,
      0.9041526225759449,
      0.9028915500621132,
      0.8981388370228272
    ]
  },
  "drfp_strat": {
    "fit_time": [
      8.9075026512146,
      8.876455783843994,
      8.963311195373535,
      8.970760107040405,
      8.900394439697266,
      9.015220642089844,
      8.909391403198242,
      8.922771215438843,
      8.906991243362427,
      10.04309892654419,
      9.096592903137207,
      8.812687397003174,
      8.912467956542969,
      8.868324518203735,
      8.98033857345581,
      8.846401453018188,
      8.948594331741333,
      8.920252561569214,
      8.846407175064087,
      8.903751134872437,
      8.886356115341187,
      8.856944799423218,
      8.875157356262207,
      8.863993644714355,
      8.89512324333191
    ],