{
  "drfp_random": {
    "fit_time": [
      11.032891988754272,
      11.350892066955566,
      11.135191917419434,
      10.300980806350708,
      10.33685851097107,
      10.339049577713013,
      9.996964931488037,
      8.193369626998901,
      8.44762635231018,
      7.7551186084747314,
      7.6602537631988525,
      7.656645774841309,
      7.6371026039123535,
      7.594482660293579,
      7.723385810852051,
      7.656731367111206,
      7.721566438674927,
      7.808786392211914,
      11.124594449996948,
      10.096778154373169,
      9.152042150497437,
      8.889081239700317,
      8.200564622879028,
      9.15635347366333,
      10.901570796966553
    ],
    "score_time": [
      0.48978352546691895,
      0.49564290046691895,
      0.451474666595459,
      0.4214339256286621,
      0.42140889167785645,
      0.42063331604003906,
      0.3371126651763916,
      0.32488012313842773,
      0.32443952560424805,
      0.3060488700866699,
      0.31398820877075195,
      0.3050370216369629,
      0.30393099784851074,
      0.3141508102416992,
      0.314286470413208,
      0.3141307830810547,
      0.30368971824645996,
      0.3464188575744629,
      0.44792842864990234,
      0.4075462818145752,
      0.3142397403717041,
      0.4305760860443115,
      0.38809657096862793,
      0.3138895034790039,
      0.46285176277160645
    ],
    "test_accuracy": [
      0.9561514558637357,
      0.95695211786372,
      0.9571823204419889,
      0.9572974217311234,
      0.9548802946593001,
      0.9583381286684314,
      0.9586786372007366,
      0.958793738489871,
      0.9609806629834254,
      0.951427255985267,
      0.9562665439060881,
      0.9605202578268877,
      0.9577578268876611,
      0.9538443830570903,
      0.9568370165745856,
      0.9551156634825642,
      0.9590239410681399,
      0.9605202578268877,
      0.9563766114180479,
      0.9568370165745856,
      0.9586833927954885,
      0.9558011049723757,
      0.9554558011049724,
      0.9538443830570903,
      0.9607504604051565
    ],
    "test_f1_weighted": [
      0.950457683045608,
      0.9507420687136319,
      0.9517082526783746,
      0.9508489680361999,
      0.948772046334088,
      0.9531890435553553,
      0.9538105282063556,
      0.9532138948838911,
      0.9547182700725674,
      0.9448544608947358,
      0.9502805896282969,
      0.9544779528833637,
      0.9518625689409065,
      0.9473526943718931,
      0.9514796849966876,
      0.9482308142456698,
      0.9536682874102385,
      0.9553447782565874,
      0.9508010772762431,
      0.9503851671746059,
      0.9532046835786917,
      0.9500110790586233,
      0.9501003163981739,
      0.9477391584209698,
      0.955752147200428
    ],
    "test_mcc": [
      0.9529518179798673,
      0.9538260887409739,
      0.9540985850941364,
      0.9541672398478552,
      0.9514834520456844,
      0.9552936988404153,
      0.9555221352361546,
      0.955780822595704,
      0.9581749205314962,
      0.9479472622573077,
      0.9529505981716115,
      0.9576802049543299,
      0.9546301971961214,
      0.9505100983954551,
      0.9537320197607511,
      0.9518304025897708,
      0.956107095255473,
      0.9575995631958963,
      0.9531102561914275,
      0.9536861745820936,
      0.955676273022906,
      0.9526229129767038,
      0.9521501324607478,
      0.9504182918383142,
      0.95786437368949
    ]
  },
  "rxnfp_random": {
    "fit_time": [
      43.49878191947937,
      39.160325050354004,
      39.03543472290039,
      39.10518145561218,
      39.29138994216919,
      39.111095905303955,
      39.432363986968994,
      43.7239031791687,
      42.387025356292725,
      41.23779511451721,
      39.851341247558594,
      39.95588755607605,
      40.21989870071411,
      41.02411413192749,
      40.63016223907471,
      40.10161566734314,
      39.72642207145691,
      39.32689070701599,
      39.49374294281006,
      39.44117474555969,
      39.09338903427124,
      39.53823637962341,
      39.77610540390015,
      39.59550976753235,
      42.02591609954834
    ],
    "score_time": [
      0.25383758544921875,
      0.24489212036132812,
      0.24436593055725098,
      0.24440312385559082,
      0.24452733993530273,
      0.2626984119415283,
      0.25582170486450195,
      0.2974236011505127,
      0.24463391304016113,
      0.3165466785430908,
      0.2960059642791748,
      0.26803159713745117,
      0.2546558380126953,
      0.2855195999145508,
      0.25495481491088867,
      0.26540589332580566,
      0.24490976333618164,
      0.2442152500152588,
      0.307694673538208,
      0.25465941429138184,
      0.25501513481140137,
      0.25505828857421875,
      0.25476694107055664,
      0.3052549362182617,
      0.34788990020751953
    ],
    "test_accuracy": [
      0.931177350673265,
      0.9311694290976059,
      0.9285220994475138,
      0.9316298342541437,
      0.9339318600368324,
      0.9307169985038555,
      0.9311694290976059,
      0.9391114180478821,
      0.9325506445672191,
      0.9238029465930019,
      0.9330187593509034,
      0.9308241252302025,
      0.9300184162062615,
      0.9303637200736649,
      0.9331261510128913,
      0.9288755898262171,
      0.9303637200736649,
      0.9318600368324125,
      0.9345073664825047,
      0.9304788213627992,
      0.9357808723673611,
      0.9299033149171271,
      0.9332412523020258,
      0.9277163904235728,
      0.9349677716390423
    ],
    "test_f1_weighted": [
      0.9182294612044116,
      0.9187426954653911,
      0.9161109296077062,
      0.9189606346092546,
      0.9216649106577186,
      0.9189431100907016,
      0.9195359915093738,
      0.9289511992245103,
      0.9190417842098403,
      0.9103951350522156,
      0.9207399306157286,
      0.9188273729910463,
      0.9167488296042947,
      0.9179603392330627,
      0.9215948517567829,
      0.9161150123140902,
      0.9181868224705855,
      0.9196746798435744,
      0.9223044310666759,
      0.9176168361268658,
      0.9246298525713103,
      0.9178543279648468,
      0.9213377733018222,
      0.9147741863416249,
      0.923238930527296
    ],
    "test_mcc": [
      0.9260971118856107,
      0.9260718627624646,
      0.923266917314599,
      0.9265261520401334,
      0.9288774097443677,
      0.9255305848258931,
      0.9258030650173705,
      0.934596565045097,
      0.9276434472597768,
      0.9182246450981765,
      0.9278365465838854,
      0.9257662160835094,
      0.9247402960902878,
      0.9252392269290355,
      0.9282565164673878,
      0.9235695357414446,
      0.9253115443000376,
      0.9267175355030359,
      0.9295618351278759,
      0.9253317928537348,
      0.9310332057999487,
      0.924799567971779,
      0.9281992816471226,
      0.9222390910496497,
      0.9301048895075994
    ]
  },
  "drfp_strat": {
    "fit_time": [
      8.678211212158203,
      11.682827472686768,
      12.468620777130127,
      12.295625925064087,
      9.629860401153564,
      10.304244756698608,
      10.304767370223999,
      10.112399816513062,
      10.1757230758667,
      10.109562158584595,
      10.130072355270386,
      10.341784238815308,
      10.216195344924927,
      10.571791172027588,
      10.514634847640991,
      10.486289501190186,
      10.467368602752686,
      10.591635704040527,
      10.32124137878418,
      10.134579420089722,
      10.191508769989014,
      10.235761165618896,
      10.226146936416626,
      10.21098518371582,
      10.302796363830566
    ],