{
  "drfp_random": {
    "fit_time": [
      8.827386617660522,
      8.891600608825684,
      8.817495346069336,
      8.870360612869263,
      8.8402681350708,
      8.900352954864502,
      8.802356481552124,
      8.86744737625122,
      8.910192012786865,
      8.797494649887085,
      8.887949705123901,
      8.953664064407349,
      8.817902326583862,
      8.839718580245972,
      8.779443979263306,
      8.847336053848267,
      8.798036575317383,
      8.812441110610962,
      8.8603994846344,
      8.849204301834106,
      8.870636224746704,
      8.861891984939575,
      8.918749570846558,
      8.874444723129272,
      8.873528003692627
    ],
    "score_time": [
      0.2326793670654297,
      0.23214149475097656,
      0.2326371669769287,
      0.23485422134399414,
      0.24606776237487793,
      0.23612666130065918,
      0.23322391510009766,
      0.23512673377990723,
      0.2329118251800537,
      0.2333080768585205,
      0.23284339904785156,
      0.23293590545654297,
      0.2349681854248047,
      0.2418060302734375,
      0.23325824737548828,
      0.23384523391723633,
      0.23421144485473633,
      0.23306798934936523,
      0.23357367515563965,
      0.23505783081054688,
      0.23299670219421387,
      0.23368620872497559,
      0.2843329906463623,
      0.2526981830596924,
      0.23263263702392578
    ],
    "test_accuracy": [
      0.9681,
      0.9669,
      0.9694,
      0.9696,
      0.9683,
      0.9692,
      0.9659,
      0.9676,
      0.9707,
      0.9669,
      0.9688,
      0.9713,
      0.9701,
      0.965,
      0.9686,
      0.9663,
      0.9681,
      0.9673,
      0.9727,
      0.9692,
      0.9686,
      0.9689,
      0.9678,
      0.9687,
      0.9693
    ],
    "test_f1_weighted": [
      0.9678660953872664,
      0.9666386817630657,
      0.9691239720234973,
      0.9693558229283892,
      0.968066223176508,
      0.9688950726944829,
      0.9656205586844717,
      0.9673297182810034,
      0.970546185146979,
      0.9666659268812562,
      0.9686124795764801,
      0.9712226715692174,
      0.9698816513300095,
      0.9647247663086322,
      0.9681741744280338,
      0.9661591578713542,
      0.9678253507088417,
      0.9670164680723423,
      0.9724897172041481,
      0.9690480637809227,
      0.9683132317441763,
      0.9686567519935783,
      0.9675685404296717,
      0.96839962147401,
      0.9691109236925926
    ],
    "test_mcc": [
      0.9674600522751788,
      0.9662372177833067,
      0.9687845639336427,
      0.9689887220370331,
      0.9676610703218532,
      0.9685800134886381,
      0.965216289900072,
      0.9669487613321114,
      0.970107178871454,
      0.9662341584781768,
      0.9681717812330507,
      0.9707204533585391,
      0.9694958864648632,
      0.9642995122851121,
      0.9679731465861439,
      0.9656172836078949,
      0.967461866334513,
      0.9666474654055327,
      0.9721483688818868,
      0.9685766305924361,
      0.967969763606022,
      0.9682727478498578,
      0.9671533800548962,
      0.9680731777947124,
      0.9686779994711555
    ]
  },
  "rxnfp_random": {
    "fit_time": [
      31.944050073623657,
      32.02430438995361,
      32.348511695861816,
      31.8813054561615,
      32.800185441970825,
      32.642350912094116,
      32.06333017349243,
      33.108766317367554,
      32.13280129432678,
      31.85809636116028,
      32.060036420822144,
      32.482852935791016,
      32.469608306884766,
      32.68149542808533,
      32.44018816947937,
      31.433954000473022,
      32.32521343231201,
      32.30998158454895,
      32.371392488479614,
      32.04975414276123,
      31.7475643157959,
      32.42179250717163,
      32.83155918121338,
      31.86469292640686,
      32.08734846115112
    ],
    "score_time": [
      0.13309288024902344,
      0.1329798698425293,
      0.13317537307739258,
      0.1326160430908203,
      0.1400923728942871,
      0.13205742835998535,
      0.14039254188537598,
      0.13215041160583496,
      0.13332486152648926,
      0.13365554809570312,
      0.13265299797058105,
      0.1318066120147705,
      0.1324939727783203,
      0.13153791427612305,
      0.13194751739501953,
      0.13196778297424316,
      0.13890314102172852,
      0.16973137855529785,
      0.13158893585205078,
      0.13132333755493164,
      0.1315600872039795,
      0.13199543952941895,
      0.1339263916015625,
      0.13320302963256836,
      0.14146924018859863
    ],
    "test_accuracy": [
      0.9599,
      0.9618,
      0.9621,
      0.963,
      0.9621,
      0.9613,
      0.9633,
      0.962,
      0.9623,
      0.9619,
      0.9612,
      0.9635,
      0.9634,
      0.9595,
      0.9622,
      0.9607,
      0.9599,
      0.9598,
      0.9659,
      0.9619,
      0.9608,
      0.9611,
      0.9664,
      0.9604,
      0.9616
    ],
    "test_f1_weighted": [
      0.959674279820023,
      0.9616480684925831,
      0.9620694985019241,
      0.9626977404005059,
      0.9620398064627771,
      0.9611860593012022,
      0.963216337257013,
      0.9619110735978662,
      0.9622972894204836,
      0.9617308173051988,
      0.9610473680955307,
      0.9634064486876276,
      0.9633522781797627,
      0.9592911962186821,
      0.9620573122724388,
      0.9606413610488971,
      0.9598260134479064,
      0.9596889452624602,
      0.9657233820464084,
      0.9617396796083966,
      0.9607254405130153,
      0.9609778113929873,
      0.9662714006260726,
      0.9603194359647143,
      0.9615248958313026
    ],
    "test_mcc": [
      0.9590887294678766,
      0.9610264014202473,
      0.9613304622476303,
      0.962258608621561,
      0.9613357593065334,
      0.9605185496517215,
      0.9625527518345184,
      0.9612308992133919,
      0.9615351806977792,
      0.961134209103744,
      0.9604172971018945,
      0.962764156594462,
      0.9626586975332491,
      0.958682680386211,
      0.9614371444591411,
      0.9599028771129247,
      0.9590851425475178,
      0.958990780091139,
      0.9652081146404481,
      0.9611260671103764,
      0.9600054521961863,
      0.9603092130128615,
      0.9657231343735331,
      0.9595982427074621,
      0.9608248946082195
    ]
  },
  "drfp_strat": {
    "fit_time": [
      8.817489385604858,
      8.760033369064331,
      8.860969543457031,
      8.782160520553589,
      8.972193241119385,
      8.827895879745483,
      8.916208028793335,
      8.833948373794556,
      8.851381540298462,
      8.80893325805664,
      8.839373588562012,
      8.807995080947876,
      8.871907472610474,
      8.784709692001343,
      8.83947467803955,
      8.797502517700195,
      8.864119052886963,
      8.88915228843689,
      8.77476692199707,
      8.857244491577148,
      8.749446392059326,
      8.859514236450195,
      8.688277244567871,
      8.82894778251648,
      8.853686094284058
    ],
    "score_time": [
      0.2334897518157959,
      0.23321080207824707,
      0.2655372619628906,
      0.24265289306640625,
      0.23516845703125,
      0.24331951141357422,
      0.2345438003540039,
      0.23360943794250488,
      0.23415112495422363,
      0.24374675750732422,
      0.23192882537841797,
      0.24454188346862793,
      0.23408079147338867,
      0.2589108943939209,
      0.23463225364685059,
      0.23305511474609375,
      0.2505779266357422,
      0.23320317268371582,
      0.24278759956359863,
      0.23249387741088867,
      0.24303841590881348,
      0.23295187950134277,
      0.23310017585754395,
      0.2342853546142578,
      0.24492645263671875
    ],
    "test_accuracy": [
      0.9674,
      0.9692,
      0.9686,
      0.9661,
      0.9707,
      0.9678,
      0.9702,
      0.9678,
      0.964,
      0.9696,
      0.9664,
      0.968,
      0.9717,
      0.9701,
      0.9663,
      0.9689,
      0.9697,
      0.9678,
      0.9676,
      0.9699,
      0.9696,
      0.9692,
      0.9651,
      0.9675,
      0.9711
    ],