{
  "drfp_random": {
    "fit_time": [
      9.981457233428955,
      9.878331184387207,
      9.986640691757202,
      9.796277284622192,
      9.968852281570435,
      9.859022617340088,
      10.025537490844727,
      9.889815330505371,
      9.787215948104858,
      10.003507137298584,
      10.021703481674194,
      9.940491437911987,
      9.914941310882568,
      9.8885817527771,
      9.918135404586792,
      9.960412979125977,
      9.85296106338501,
      9.910350799560547,
      9.814352035522461,
      9.916452407836914,
      9.934444665908813,
      10.0353524684906,
      9.867416620254517,
      9.891280174255371,
      9.87807559967041
    ],
    "score_time": [
      0.23418688774108887,
      0.24453997611999512,
      0.23285269737243652,
      0.24333715438842773,
      0.2335221767425537,
      0.23462438583374023,
      0.2331700325012207,
      0.2531154155731201,
      0.23474979400634766,
      0.24478816986083984,
      0.24354243278503418,
      0.2326064109802246,
      0.2425837516784668,
      0.24279284477233887,
      0.2346487045288086,
      0.23430371284484863,
      0.24424242973327637,
      0.2322075366973877,
      0.24310040473937988,
      0.2590186595916748,
      0.2435460090637207,
      0.24651694297790527,
      0.24401235580444336,
      0.24309396743774414,
      0.2433316707611084
    ],
    "test_accuracy": [
      0.9521,
      0.9532,
      0.9551,
      0.9535,
      0.9533,
      0.9538,
      0.9515,
      0.9539,
      0.9546,
      0.9506,
      0.9517,
      0.9515,
      0.9553,
      0.9518,
      0.952,
      0.9522,
      0.9542,
      0.9517,
      0.9546,
      0.9558,
      0.9578,
      0.9518,
      0.9517,
      0.9512,
      0.9514
    ],
    "test_f1_weighted": [
      0.9518392551772064,
      0.9531645001970279,
      0.9549303959861069,
      0.9535147310325564,
      0.9531145117240325,
      0.9537327415783344,
      0.9512323822973267,
      0.9537514338902503,
      0.9545338036562656,
      0.9503522961024208,
      0.9515093055357249,
      0.9515063364759433,
      0.9551722381085905,
      0.9515804774634453,
      0.9518371280968966,
      0.9520819011999445,
      0.9537923290945338,
      0.9514271368931805,
      0.9545348057491483,
      0.9556926779428797,
      0.9576695554736849,
      0.9516472577328221,
      0.9517643992503401,
      0.9508845089062227,
      0.9511276197407053
    ],
    "test_mcc": [
      0.9511403125369513,
      0.9522528329233438,
      0.9542027485890265,
      0.9525604748377986,
      0.952359496611373,
      0.9528687558120749,
      0.9505208856885785,
      0.9529745331441764,
      0.953699247492487,
      0.949599515010702,
      0.9507255373557754,
      0.9505204813255412,
      0.9544023323243933,
      0.9508334572535709,
      0.9510315008197153,
      0.9512304184526349,
      0.9532864886206724,
      0.9507273897264088,
      0.9536865188442637,
      0.9549051541162777,
      0.956950569021163,
      0.9508252681385604,
      0.9507252672362588,
      0.9502175763988552,
      0.9504202725774364
    ]
  },
  "rxnfp_random": {
    "fit_time": [
      32.07245206832886,
      31.303131580352783,
      32.28622817993164,
      31.96493935585022,
      32.011934995651245,
      31.56498694419861,
      31.731101512908936,
      31.396027088165283,
      31.925414323806763,
      31.688230514526367,
      31.9944109916687,
      31.49225163459778,
      31.537444829940796,
      32.14862370491028,
      32.135498046875,
      31.730175256729126,
      31.804102182388306,
      32.25938940048218,
      31.862149953842163,
      31.285917043685913,
      31.69466209411621,
      31.49158501625061,
      31.45609712600708,
      31.473042964935303,
      31.59516191482544
    ],
    "score_time": [
      0.13166499137878418,
      0.14244771003723145,
      0.142716646194458,
      0.13227558135986328,
      0.1421823501586914,
      0.1325819492340088,
      0.14213895797729492,
      0.14205670356750488,
      0.1318378448486328,
      0.15377140045166016,
      0.14208412170410156,
      0.13271164894104004,
      0.14267468452453613,
      0.13176918029785156,
      0.13205671310424805,
      0.13184690475463867,
      0.13178515434265137,
      0.1326456069946289,
      0.1327662467956543,
      0.13186264038085938,
      0.15046143531799316,
      0.14255523681640625,
      0.1426379680633545,
      0.1414353847503662,
      0.14209485054016113
    ],
    "test_accuracy": [
      0.9346,
      0.9346,
      0.9373,
      0.9384,
      0.9355,
      0.9343,
      0.9356,
      0.9378,
      0.9346,
      0.9339,
      0.9391,
      0.9378,
      0.9335,
      0.9351,
      0.9349,
      0.935,
      0.9353,
      0.9349,
      0.942,
      0.9385,
      0.9402,
      0.937,
      0.936,
      0.9307,
      0.9318
    ],
    "test_f1_weighted": [
      0.9340738583359963,
      0.9342765216630505,
      0.9370250494390607,
      0.9379427752489486,
      0.9352310963933718,
      0.9338284137812445,
      0.9354219280054691,
      0.9373795929850548,
      0.9343867984654156,
      0.9335629296098586,
      0.9388567349699292,
      0.9374661661990613,
      0.9334002985302498,
      0.9347004549916326,
      0.9342610999871682,
      0.9347792153200717,
      0.9348408348356386,
      0.9346569842825676,
      0.9417682742297199,
      0.9382485058759672,
      0.9398361234003343,
      0.9365366943690984,
      0.9357202778555482,
      0.930256523249429,
      0.9316141252399924
    ],
    "test_mcc": [
      0.9332861787377975,
      0.9332826155620423,
      0.9360288028969515,
      0.9371604897567989,
      0.9342070822147751,
      0.9329813185066171,
      0.9342896991642715,
      0.9365523532639171,
      0.9332768667998793,
      0.9325692681647904,
      0.9378824106310907,
      0.9365443089152071,
      0.9321528701919264,
      0.93379929800484,
      0.9335992016824265,
      0.9336911874462137,
      0.9339943144495951,
      0.9335861325528678,
      0.9408200545738256,
      0.9372553332824377,
      0.938995871608283,
      0.9357272152240781,
      0.9347112355673128,
      0.9293057665527805,
      0.9304224932942283
    ]
  },
  "drfp_strat": {
    "fit_time": [
      9.938740491867065,
      10.051920890808105,
      9.920509099960327,
      9.8978590965271,
      9.94800591468811,
      9.948964595794678,
      9.988553285598755,
      9.979663610458374,
      9.964334487915039,
      10.062294960021973,
      9.977755069732666,
      9.893203973770142,
      9.886300563812256,
      9.987231254577637,
      9.896276712417603,
      9.909851551055908,
      9.944774627685547,
      9.998769521713257,
      9.853904485702515,
      9.941114664077759,
      10.018694877624512,
      9.866913318634033,
      9.929179906845093,
      9.91565227508545,
      9.938079595565796
    ],
    "score_time": [
      0.2601742744445801,
      0.24419927597045898,
      0.24356746673583984,
      0.24256467819213867,
      0.24489355087280273,
      0.24407505989074707,
      0.2433023452758789,
      0.2597806453704834,
      0.24366378784179688,
      0.24451541900634766,
      0.24238085746765137,
      0.24314498901367188,
      0.24580717086791992,
      0.2448282241821289,
      0.24401116371154785,
      0.24430131912231445,
      0.24406647682189941,
      0.24467206001281738,
      0.24437451362609863,
      0.24574685096740723,
      0.24291777610778809,
      0.24308252334594727,
      0.2442491054534912,
      0.24294638633728027,
      0.24332475662231445
    ],
    "test_accuracy": [
      0.9492,
      0.9538,
      0.9526,
      0.951,
      0.9523,
      0.9547,
      0.9527,
      0.9526,
      0.9511,
      0.9554,
      0.9529,
      0.9537,
      0.9522,
      0.9534,
      0.9519,
      0.9519,
      0.9523,
      0.9534,
      0.9533,
      0.9564,
      0.9542,
      0.954,
      0.9491,
      0.9544,
      0.9559
    ],