{
  "drfp_random": {
    "fit_time": [
      9.53288745880127,
      9.538031339645386,
      9.3770272731781,
      9.446067094802856,
      9.440969944000244,
      9.413387537002563,
      9.510203838348389,
      9.485597848892212,
      9.519218444824219,
      9.435863971710205,
      9.423818111419678,
      9.543546676635742,
      9.486830472946167,
      9.475665092468262,
      9.555800914764404,
      9.535886526107788,
      9.537091732025146,
      9.481115341186523,
      9.468225955963135,
      9.491233110427856,
      9.539128065109253,
      9.596594095230103,
      9.559921979904175,
      9.460984230041504,
      9.55478549003601
    ],
    "score_time": [
      0.16273093223571777,
      0.16193437576293945,
      0.16298198699951172,
      0.16257405281066895,
      0.1727278232574463,
      0.17262673377990723,
      0.16156530380249023,
      0.1629471778869629,
      0.16337347030639648,
      0.18801331520080566,
      0.1605989933013916,
      0.16116809844970703,
      0.17180442810058594,
      0.1725602149963379,
      0.16257619857788086,
      0.1614820957183838,
      0.17270421981811523,
      0.18607473373413086,
      0.1623847484588623,
      0.16240382194519043,
      0.1616194248199463,
      0.16120052337646484,
      0.1626904010772705,
      0.16181731224060059,
      0.1645219326019287
    ],
    "test_accuracy": [
      0.9528188724510196,
      0.9534139758072578,
      0.957112866140158,
      0.9532140357892632,
      0.9552134359692093,
      0.9554178328668532,
      0.9553134059782066,
      0.955113465960212,
      0.9539138258522444,
      0.9543137058882335,
      0.9525189924030388,
      0.9526142157352794,
      0.9567129861041688,
      0.9569129261221634,
      0.9560131960411876,
      0.9528188724510196,
      0.9582125362391283,
      0.9537138858342498,
      0.9565130460861742,
      0.9511146656003199,
      0.9563174730107957,
      0.9561131660501849,
      0.9520143956812956,
      0.9533140057982605,
      0.9512146356093172
    ],
    "test_f1_weighted": [
      0.9514709759285761,
      0.9524215912603515,
      0.9558160612589071,
      0.9522755665355727,
      0.9539607619180929,
      0.9543075500064396,
      0.9543297163245056,
      0.9541582293627853,
      0.9526620886520646,
      0.9533502380873727,
      0.9510394704342444,
      0.951533755667044,
      0.9557667516449834,
      0.9559694265614853,
      0.955157532512144,
      0.9516078367733156,
      0.9573239197429533,
      0.9527091831563753,
      0.9555411926747441,
      0.9496854077790295,
      0.9554363866257986,
      0.95496673981705,
      0.9506691995467536,
      0.9522299608992769,
      0.9499112541068301
    ],
    "test_mcc": [
      0.9409526258418481,
      0.9418853800380914,
      0.9462514775398605,
      0.9417226061067044,
      0.9442039707731307,
      0.9443724455980187,
      0.9442686740032434,
      0.943813082596147,
      0.9423317737566489,
      0.943085347893481,
      0.9407911929952973,
      0.9407385261211423,
      0.9460262564200675,
      0.9461721675624498,
      0.9450491599954216,
      0.9409635628451074,
      0.9477565298794747,
      0.9423319303188015,
      0.945743224700495,
      0.9389649900267141,
      0.9455214493401627,
      0.9452357240479253,
      0.9399541711797226,
      0.9417781030432609,
      0.9389939484761134
    ]
  },
  "rxnfp_random": {
    "fit_time": [
      19.334570169448853,
      19.238952159881592,
      19.274607181549072,
      19.370054244995117,
      19.65335512161255,
      19.14240550994873,
      19.484832048416138,
      19.081287145614624,
      19.157509565353394,
      19.36273741722107,
      19.443382024765015,
      19.690234422683716,
      19.145334720611572,
      19.180875301361084,
      19.500762224197388,
      19.41280961036682,
      19.34519386291504,
      19.303820848464966,
      19.299989938735962,
      19.221961736679077,
      19.528501749038696,
      19.49420142173767,
      19.138813257217407,
      19.272770166397095,
      19.361340284347534
    ],
    "score_time": [
      0.06978511810302734,
      0.07013869285583496,
      0.07003307342529297,
      0.08294415473937988,
      0.06955122947692871,
      0.0853421688079834,
      0.06987118721008301,
      0.061188697814941406,
      0.07138752937316895,
      0.06995940208435059,
      0.07216930389404297,
      0.08222484588623047,
      0.07003450393676758,
      0.07042717933654785,
      0.07639145851135254,
      0.0698249340057373,
      0.07022523880004883,
      0.06970787048339844,
      0.07003498077392578,
      0.07014822959899902,
      0.07058572769165039,
      0.07421541213989258,
      0.07877540588378906,
      0.06975507736206055,
      0.06982636451721191
    ],
    "test_accuracy": [
      0.9596161535385845,
      0.9587123862841148,
      0.9617114865540338,
      0.95481355593322,
      0.96111166650005,
      0.958016793282687,
      0.9568129561131661,
      0.960111966410077,
      0.9587123862841148,
      0.9591122663201039,
      0.9573170731707317,
      0.9597120863740878,
      0.9587123862841148,
      0.9600119964010797,
      0.9591122663201039,
      0.960015993602559,
      0.9616115165450365,
      0.9544136758972308,
      0.9614115765270419,
      0.958812356293112,
      0.9566173530587765,
      0.9592122363291012,
      0.9563131060681795,
      0.9599120263920824,
      0.9613116065180446
    ],
    "test_f1_weighted": [
      0.958560352324685,
      0.9573347719681433,
      0.9606953219439368,
      0.9535240537770128,
      0.9603459972534719,
      0.9570375263675684,
      0.9555873526283196,
      0.9590736870900236,
      0.9576792573898918,
      0.9580496431787663,
      0.9561849025036258,
      0.9588951003807477,
      0.957644250504796,
      0.9589389784209014,
      0.957914745976982,
      0.9589504929649043,
      0.960519589990161,
      0.9531187082548593,
      0.9605098451785317,
      0.9575718219074437,
      0.9555095889456646,
      0.9582779093311158,
      0.9548331895832362,
      0.9590070185094012,
      0.9601930503993558
    ],
    "test_mcc": [
      0.9494342220189143,
      0.9484639144700869,
      0.9519923976640134,
      0.9436746969252714,
      0.9514891237041646,
      0.9475726100252546,
      0.9460921484024438,
      0.9500354960858446,
      0.9483205023859617,
      0.9490139618293052,
      0.9467516110921025,
      0.9495550939782901,
      0.9485053004894585,
      0.9500321396535639,
      0.9488845555873588,
      0.9499562841018556,
      0.9519625253681193,
      0.9431980736872004,
      0.9518195288959941,
      0.948522100446236,
      0.9458621896976038,
      0.9490618027080294,
      0.9453242183351106,
      0.9499589866970952,
      0.9516223731236476
    ]
  },
  "drfp_strat": {
    "fit_time": [
      9.503121614456177,
      9.533098459243774,
      9.478094100952148,
      9.509114503860474,
      9.475419998168945,
      9.576047420501709,
      9.541111469268799,
      9.50497817993164,
      9.542465925216675,
      9.470929145812988,
      9.45484447479248,
      9.458571672439575,
      9.494902849197388,
      9.528429746627808,
      9.563639640808105,
      9.495668172836304,
      9.403139591217041,
      9.466197967529297,
      9.438810348510742,
      9.550860166549683,
      9.464876890182495,
      9.505478143692017,
      9.654637336730957,
      9.388522624969482,
      9.488730430603027
    ],