{
  "drfp_random": {
    "fit_time": [
      9.071528434753418,
      9.130991220474243,
      9.041966676712036,
      9.16279649734497,
      9.013213872909546,
      9.106666803359985,
      9.096982479095459,
      9.033418416976929,
      9.087847471237183,
      9.054773092269897,
      9.108281373977661,
      9.1276376247406,
      9.178019762039185,
      9.053981065750122,
      9.098901748657227,
      9.064080715179443,
      9.06048035621643,
      9.078888177871704,
      9.084521532058716,
      9.097644567489624,
      9.04444932937622,
      9.089096546173096,
      9.052909851074219,
      8.996972560882568,
      9.366404056549072
    ],
    "score_time": [
      0.18080377578735352,
      0.17296934127807617,
      0.1640467643737793,
      0.1613147258758545,
      0.18554973602294922,
      0.1846916675567627,
      0.17259812355041504,
      0.15298843383789062,
      0.16139936447143555,
      0.16349029541015625,
      0.16117477416992188,
      0.16252875328063965,
      0.16347432136535645,
      0.16122102737426758,
      0.1617746353149414,
      0.17268061637878418,
      0.16218161582946777,
      0.1626875400543213,
      0.16129660606384277,
      0.16359686851501465,
      0.16260862350463867,
      0.16319632530212402,
      0.16215848922729492,
      0.1609964370727539,
      0.16181707382202148
    ],
    "test_accuracy": [
      0.9646141543382647,
      0.9675097470758772,
      0.9685094471658502,
      0.9643107067879636,
      0.9655103468959312,
      0.9654138344662135,
      0.9651104668599421,
      0.9682095371388584,
      0.9635109467159853,
      0.9672098370488853,
      0.9636145541783286,
      0.9648105568329501,
      0.966110166949915,
      0.9680095971208638,
      0.9673098070578826,
      0.9660135945621752,
      0.9687093871838448,
      0.9665100469859043,
      0.9659102269319204,
      0.9626112166350095,
      0.9677129148340664,
      0.9652104368689394,
      0.9649105268419474,
      0.9657102869139258,
      0.9635109467159853
    ],
    "test_f1_weighted": [
      0.9641718495487936,
      0.9672004069303336,
      0.9681348640485243,
      0.9639448393467894,
      0.9651543842935458,
      0.96488758370519,
      0.9648367791624293,
      0.9679045968121776,
      0.9631401670109013,
      0.9669828992178896,
      0.9632411894939403,
      0.9642727426293008,
      0.9656707466072205,
      0.9678132896586565,
      0.967049294966922,
      0.9656400437250545,
      0.9684472365034218,
      0.9662265590571746,
      0.9656763886998647,
      0.9620317483880998,
      0.9674866178434457,
      0.9649484505917019,
      0.9644399626875169,
      0.965292113878639,
      0.9631178571255479
    ],
    "test_mcc": [
      0.9557215829629855,
      0.959422133144285,
      0.9605403352689156,
      0.9555079565986471,
      0.9569736791738922,
      0.9568114775898209,
      0.9564547156370585,
      0.960189008824424,
      0.9543360755747254,
      0.9591280439706213,
      0.9546193673273865,
      0.9559474506599989,
      0.9577065919433603,
      0.9600304687710988,
      0.9591288847242367,
      0.957460365509494,
      0.9608717264061385,
      0.9582626919957438,
      0.957417206236091,
      0.9532725087118792,
      0.959730619667113,
      0.9565414299686512,
      0.9560764795228125,
      0.9572291850044644,
      0.9543252786860479
    ]
  },
  "rxnfp_random": {
    "fit_time": [
      19.299987316131592,
      19.420175790786743,
      19.414875984191895,
      19.35772180557251,
      19.608405113220215,
      19.540390014648438,
      19.169934272766113,
      19.5015606880188,
      19.56225562095642,
      19.45101499557495,
      19.64090847969055,
      19.435139179229736,
      19.44111180305481,
      19.002415657043457,
      19.80764102935791,
      19.20071816444397,
      19.002618074417114,
      19.317182064056396,
      19.54033327102661,
      19.115326166152954,
      19.20720887184143,
      19.591163873672485,
      19.532382488250732,
      19.250030755996704,
      19.043862104415894
    ],
    "score_time": [
      0.06985759735107422,
      0.07032322883605957,
      0.07000470161437988,
      0.06970834732055664,
      0.07047462463378906,
      0.06973838806152344,
      0.06965184211730957,
      0.0703575611114502,
      0.07022237777709961,
      0.06978726387023926,
      0.07038044929504395,
      0.08411431312561035,
      0.09275078773498535,
      0.0777902603149414,
      0.06963253021240234,
      0.06976604461669922,
      0.06942510604858398,
      0.06954407691955566,
      0.0703744888305664,
      0.09092855453491211,
      0.06980228424072266,
      0.06963586807250977,
      0.07072305679321289,
      0.06961560249328613,
      0.07056283950805664
    ],
    "test_accuracy": [
      0.9557177129148341,
      0.9538138558432471,
      0.951814455663301,
      0.9484154753573928,
      0.9549135259422173,
      0.9512195121951219,
      0.9514145756273118,
      0.9520143956812956,
      0.9556133160051984,
      0.9553134059782066,
      0.9496201519392243,
      0.9536139158252525,
      0.9526142157352794,
      0.9546136159152254,
      0.9537138858342498,
      0.9553178728508597,
      0.9539138258522444,
      0.9489153254023793,
      0.955113465960212,
      0.9527141857442767,
      0.9507197121151539,
      0.9540137958612416,
      0.9502149355193442,
      0.9519144256722983,
      0.9543137058882335
    ],
    "test_f1_weighted": [
      0.9546249265451782,
      0.9523840151511281,
      0.9506888783708649,
      0.9472606136258321,
      0.9538805632566554,
      0.9501529097835453,
      0.9500491107569116,
      0.9509492110234063,
      0.9544236506003788,
      0.9541129952047462,
      0.9483915679442507,
      0.9526736998112444,
      0.9514924052680198,
      0.9534711782142619,
      0.952042066622609,
      0.9540343487652213,
      0.9526837909475686,
      0.9477021962992798,
      0.9542145413631081,
      0.9512590289662048,
      0.9493600911339313,
      0.9528306620804178,
      0.9487759680690118,
      0.9508593901653426,
      0.9532380993335472
    ],
    "test_mcc": [
      0.9445484759747267,
      0.9423454701085486,
      0.9395437726312894,
      0.9356535881170696,
      0.9437400022852984,
      0.939068326820648,
      0.9393498426770388,
      0.9398641150060221,
      0.9444124894545992,
      0.9442550792073222,
      0.93713079745294,
      0.9418831324787561,
      0.9408530583335466,
      0.9432363742404035,
      0.9421020970616459,
      0.9440158446405245,
      0.942276714464398,
      0.9363332666290076,
      0.9439111663348568,
      0.9408932406582704,
      0.9384716326689218,
      0.9425205597425516,
      0.9376509881700061,
      0.9399618140655049,
      0.9428252752097461
    ]
  },
  "drfp_strat": {
    "fit_time": [
      9.112498998641968,
      9.007126331329346,
      9.020204305648804,
      9.140868663787842,
      9.082725763320923,
      9.024764776229858,
      9.050715208053589,
      9.111201047897339,
      9.123578548431396,
      9.131897687911987,
      9.132779359817505,
      9.157809257507324,
      9.083827495574951,
      9.18765139579773,
      9.045983791351318,
      9.107183933258057,
      9.157318353652954,
      9.103184223175049,
      9.010901927947998,
      9.159795999526978,
      9.126808881759644,
      9.15511965751648,
      9.075114488601685,
      9.093368530273438,
      9.019899368286133
    ],